"State","Geography","county_fips","Race","Religion","Sexual_Orientation","Disability","Gender","Gender_Identity","Gender_both","Total","Median_Income","White_Income","White_Diff","Gini","Unemployment","LFPR","AvgYears","Density"
"Alabama","Baldwin County, Alabama",1003,1,0,0,0,0,0,0,1,51365,54184,2819,0.4608,6.3,74.1596912521441,15.8063252969002,114.6
"Alabama","Jefferson County, Alabama",1073,10,1,1,0,0,0,0,13,47220,62604,15384,0.4995,8.2,75.0710446870203,15.8956953308361,592.5
"Alabama","Lauderdale County, Alabama",1077,1,0,0,0,0,0,0,1,43657,45592,1935,0.464,7.6,71.3335794556438,15.1836954456198,138.8
"Alaska","Anchorage Municipality, Alaska",2020,4,0,0,0,0,0,0,4,80862,92471,11609,0.4201,6,82.4326476197417,16.1300468576145,171.2
"Alaska","Juneau City and Borough, Alaska",2110,6,0,0,0,0,0,0,6,87436,93929,6493,0.379,4.9,83.3707203636171,16.5349964106246,11.6
"Alaska","Matanuska-Susitna Borough, Alaska",2170,1,0,0,0,0,0,0,1,73908,75062,1154,0.4061,9.9,72.083743084857,15.6465198546752,3.6
"Arizona","Apache County, Arizona",4001,0,0,1,0,0,0,0,2,32460,51319,18859,0.4847,15.8,52.463461594991,14.0950592115812,6.4
"Arizona","Coconino County, Arizona",4005,0,0,1,0,0,0,0,2,51106,58429,7323,0.4767,8.2,76.7756143869911,15.9948332959837,7.2
"Arizona","Maricopa County, Arizona",4013,101,45,47,1,0,0,0,241,55676,62511,6835,0.4682,6.8,76.9796744393806,15.6324968848343,414.9
"Arizona","Pima County, Arizona",4019,3,2,2,0,0,0,0,9,46764,52905,6141,0.4713,9.2,74.7494270769879,15.7950000226284,106.7
"Arizona","Pinal County, Arizona",4021,2,0,0,0,0,0,0,2,51190,54108,2918,0.4202,9.4,63.7378929072731,15.1222870400569,70
"Arizona","Yavapai County, Arizona",4025,1,0,1,0,0,0,0,3,46638,47431,793,0.4415,8.5,68.1976890857445,15.7928827985874,26
"Arizona","Yuma County, Arizona",4027,2,1,1,0,0,0,0,5,41467,48347,6880,0.4388,12.5,73.0731772236826,14.0186899604818,35.5
"Arkansas","Pulaski County, Arkansas",5119,2,0,0,0,0,1,1,2,47101,59406,12305,0.492,6.4,75.4584357855302,15.8922601654438,503.8
"Arkansas","Sebastian County, Arkansas",5131,6,1,0,0,0,0,0,7,40023,44286,4263,0.4911,5.4,71.3768540660747,14.8868797158285,236.4
"Arkansas","Sevier County, Arkansas",5133,2,0,0,0,0,0,0,2,38956,42051,3095,0.4066,6.8,76.2688542422045,13.6739988719684,30.2
"California","Alameda County, California",6001,33,9,9,1,0,0,0,61,79831,95331,15500,0.4688,7.1,80.0262459773638,16.064707948322,2043.6
"California","Amador County, California",6005,0,1,0,0,0,0,0,1,57032,55608,-1424,0.4355,11.6,59.9667975923281,15.4767967717248,64.1
"California","Butte County, California",6007,4,0,1,0,0,0,0,6,44366,46740,2374,0.4816,10.7,70.2959312941176,15.5849233006683,134.4
"California","Contra Costa County, California",6013,12,2,5,0,0,0,0,24,82881,96220,13339,0.4679,7.7,78.8085466913623,16.0585113165445,1465.2
"California","El Dorado County, California",6017,0,1,0,0,0,0,0,1,72586,73473,887,0.4578,9.6,74.2573619977661,16.1351036070606,106
"California","Fresno County, California",6019,9,3,6,0,0,0,0,24,45963,61420,15457,0.4799,11.9,73.2661094499067,14.1196869129186,156.2
"California","Humboldt County, California",6023,2,1,0,0,0,0,0,3,42685,44704,2019,0.4592,9.5,70.746079828938,15.8614567176001,37.7
"California","Kern County, California",6029,9,0,0,0,0,0,0,9,49788,60940,11152,0.4603,11.9,69.5069014839565,14.0799569779724,103.3
"California","Kings County, California",6031,0,1,0,0,0,0,0,1,47241,60878,13637,0.4502,11.7,63.0477900552486,14.0699171231609,110.1
"California","Lake County, California",6033,2,0,0,0,0,0,0,2,36132,39003,2871,0.4691,13.7,62.5210060422961,15.0308511098611,51.5
"California","Los Angeles County, California",6037,181,65,87,0,1,17,18,421,57952,76751,18799,0.5023,8.9,78.0249019257861,14.8176697562707,2419.6
"California","Marin County, California",6041,2,1,0,0,0,0,0,3,100310,109205,8895,0.5251,5.1,80.3398323769579,17.0486514123668,485.1
"California","Mendocino County, California",6045,3,1,2,0,0,0,0,8,43510,46731,3221,0.4876,11,72.4522252759431,15.328608498216,25.1
"California","Merced County, California",6047,0,0,1,0,0,1,1,2,44397,51754,7357,0.4589,15.7,71.6480217308667,13.49609111215,132.2
"California","Mono County, California",6051,2,0,0,0,0,0,0,2,58937,66526,7589,0.3729,8,83.0463194724802,15.5129751265209,4.7
"California","Monterey County, California",6053,2,1,0,0,0,0,0,3,60889,75395,14506,0.4586,6.9,73.0139639084145,14.1008998284633,126.5
"California","Napa County, California",6055,0,0,1,0,0,0,0,2,74609,80840,6231,0.4712,6.6,81.8685690506726,15.4198451302407,182.4
"California","Orange County, California",6059,21,8,4,0,0,0,0,37,78145,89331,11186,0.4697,6.8,79.8891323526711,15.6493802345378,3807.7
"California","Placer County, California",6061,7,4,0,0,0,0,0,11,76926,77538,612,0.446,7,78.2877932349188,16.3534439083703,247.6
"California","Riverside County, California",6065,15,2,5,0,1,1,2,28,57972,64844,6872,0.4478,11.3,74.0814140350515,14.8002642801124,303.8
"California","Sacramento County, California",6067,12,2,6,0,0,0,0,26,57509,64462,6953,0.4598,10.2,75.4568140819377,15.4518629859275,1470.8
"California","San Benito County, California",6069,0,0,1,0,0,0,0,2,73814,85154,11340,0.406,10.8,79.9192887001526,14.4280843403071,39.8
"California","San Bernardino County, California",6071,27,3,7,0,0,1,1,44,54469,60088,5619,0.4442,11,71.7618795173554,14.6899238587116,101.5
"California","San Diego County, California",6073,38,15,22,0,0,0,0,97,66529,75500,8971,0.4662,7.8,77.9588740079791,15.7896945081785,735.8
"California","San Francisco County, California",6075,11,7,14,0,1,4,5,47,87701,111704,24003,0.5188,6.2,83.4605977684288,16.3631895604601,17179.2
"California","San Joaquin County, California",6077,7,0,0,1,0,0,0,8,55045,64591,9546,0.4525,11.9,73.3629800444449,14.4341185039085,492.6
"California","San Luis Obispo County, California",6079,2,0,0,0,0,0,0,2,64014,68535,4521,0.4516,5.5,75.8869207877656,16.0170604030486,81.7
"California","San Mateo County, California",6081,5,6,5,0,0,0,0,21,98546,112359,13813,0.486,5.6,83.1805474571924,16.2731026214655,1602.2
"California","Santa Barbara County, California",6083,1,0,1,0,0,0,0,3,65161,75120,9959,0.4813,7.2,78.8540537046436,15.1258863084076,155
"California","Santa Clara County, California",6085,17,12,2,0,0,0,0,33,101173,111307,10134,0.4666,6.6,80.7903949867756,16.3302853050947,1381
"California","Santa Cruz County, California",6087,8,4,2,0,0,0,0,16,70088,78181,8093,0.4754,7.3,78.3972507080418,15.857868599155,589.4
"California","Shasta County, California",6089,9,1,2,0,0,0,0,14,45582,46776,1194,0.4541,8.7,68.4920895604699,15.608663712221,46.9
"California","Solano County, California",6095,6,1,1,0,0,0,0,9,69227,75478,6251,0.4277,10,75.420925581194,15.4393445456588,503
"California","Sonoma County, California",6097,6,0,4,0,0,0,0,14,66833,71542,4709,0.4593,7,78.7766500918537,15.6927644694924,307.1
"California","Stanislaus County, California",6099,9,4,1,0,0,0,0,15,51591,57474,5883,0.4504,13.8,74.2667174960473,14.3307358706379,344.2
"California","Sutter County, California",6101,1,0,0,0,0,0,0,1,52943,61421,8478,0.4593,11.2,74.1345557568353,14.4100442311773,157.3
"California","Tulare County, California",6107,0,1,0,0,0,0,0,1,42789,56714,13925,0.4679,10.6,71.5909098498657,13.4275234797548,91.7
"California","Tuolumne County, California",6109,1,1,0,0,0,0,0,2,50731,51758,1027,0.4795,11.6,62.4110347039122,15.5487049687915,24.9
"California","Ventura County, California",6111,10,3,2,0,0,0,0,17,78593,87369,8776,0.4456,7.5,80.0130434585292,15.3761083779326,446.7
"California","Yolo County, California",6113,5,1,1,0,0,1,1,8,57663,68345,10682,0.4879,7.9,77.5695694567171,15.9416466237995,197.9
"California","Yuba County, California",6115,1,0,1,0,0,0,0,3,48739,51101,2362,0.424,12.7,68.5222893183038,14.9029591234171,114.2
"Colorado","Adams County, Colorado",8001,1,0,0,0,0,0,0,1,61444,69229,7785,0.4046,6.1,80.9206556652081,14.9690124510311,378.2
"Colorado","Arapahoe County, Colorado",8005,19,1,5,0,0,0,0,30,66288,74160,7872,0.4621,6,82.7277659236792,16.3012024867688,716.7
"Colorado","Boulder County, Colorado",8013,7,2,1,0,0,0,0,11,72282,76591,4309,0.4781,5.6,83.0038280336969,17.3245205844868,405.6
"Colorado","Custer County, Colorado",8027,1,0,0,0,0,0,0,1,38605,39250,645,0.4323,10.8,57.6399520383693,16.0492537313433,5.8
"Colorado","Delta County, Colorado",8029,0,0,1,0,0,0,0,2,42011,43195,1184,0.4739,9.2,66.0673354189336,15.2574817266584,27.1
"Colorado","Denver County, Colorado",8031,10,3,6,0,0,0,0,25,56258,68308,12050,0.5008,5.4,81.3928644441248,16.1146321618407,3922.6
"Colorado","Douglas County, Colorado",8035,2,0,0,0,0,0,0,2,105759,107627,1868,0.4016,3.6,83.548002764019,17.2837135168906,339.7
"Colorado","El Paso County, Colorado",8041,2,1,5,0,0,0,0,13,60219,64421,4202,0.436,7.4,78.7871079295218,16.3918470988212,292.6
"Colorado","Fremont County, Colorado",8043,1,0,0,0,0,0,0,1,42308,42599,291,0.4313,8,45.024415497662,15.2207327479424,30.5
"Colorado","Garfield County, Colorado",8045,2,0,0,0,0,0,0,2,61300,68224,6924,0.4183,6.2,82.0021298046629,15.465107676047,19.1
"Colorado","Jefferson County, Colorado",8059,1,0,0,0,0,0,0,1,72017,75384,3367,0.436,5.2,83.1733636839284,16.5288338435847,699.5
"Colorado","Larimer County, Colorado",8069,9,6,1,0,0,0,0,17,61942,63700,1758,0.4525,6,81.6155794362569,16.7911948968048,115.4
"Colorado","Logan County, Colorado",8075,1,0,0,0,0,0,0,1,43340,43118,-222,0.4509,6.9,73.5894419441944,15.2188756388416,12.4
"Colorado","Mesa County, Colorado",8077,4,0,0,0,0,0,0,4,50070,51214,1144,0.4526,8.7,77.8322334079045,15.6756418847958,44.1
"Colorado","Pitkin County, Colorado",8097,0,1,0,0,0,0,0,1,69789,70186,397,0.5607,5.5,89.6256972852361,17.109759715218,17.7
"Colorado","Pueblo County, Colorado",8101,1,0,0,0,0,0,0,1,42000,48061,6061,0.4445,9.7,70.5469383238245,15.4622010185134,66.7
"Colorado","San Juan County, Colorado",8111,1,0,0,0,0,0,0,1,41250,50893,9643,0.391,10.3,83.462258953168,15.890590809628,1.8
"Colorado","Summit County, Colorado",8117,0,2,1,0,0,0,0,4,70192,71584,1392,0.4406,4.3,85.7976687506623,16.8009947978461,46
"Colorado","Teller County, Colorado",8119,1,0,0,0,0,0,0,1,63723,64041,318,0.4128,7.2,77.605722599418,16.2778852720237,41.9
"Colorado","Weld County, Colorado",8123,2,0,0,0,0,0,0,2,62820,70351,7531,0.4234,6,79.8711553657827,15.4330980893319,63.4
"Connecticut","Fairfield County, Connecticut",9001,22,13,3,0,0,0,0,41,86670,103874,17204,0.5444,8.2,82.4437685394784,16.3147006876265,1467.2
"Connecticut","Hartford County, Connecticut",9003,15,3,6,0,0,0,0,30,68027,80159,12132,0.4712,8.2,81.5518331709088,15.9495097912576,1216.2
"Connecticut","Litchfield County, Connecticut",9005,1,2,0,0,0,0,0,3,73519,74509,990,0.4397,6.7,84.0071508291604,16.0163795141557,206.3
"Connecticut","Middlesex County, Connecticut",9007,3,1,0,0,0,0,0,4,79837,82212,2375,0.4417,5.3,85.0345040097531,16.3809009525899,448.6
"Connecticut","New Haven County, Connecticut",9009,13,5,2,0,0,0,0,22,62715,73955,11240,0.4677,8.5,80.9784575374798,15.8708277370906,1426.7
"Connecticut","New London County, Connecticut",9011,2,3,0,0,0,0,0,5,67574,73002,5428,0.4413,7.7,82.0647291021138,15.9517687954386,412.2
"Connecticut","Tolland County, Connecticut",9013,1,0,0,0,0,0,0,1,80129,82027,1898,0.418,6.3,83.0241260953253,16.3799643344173,372.2
"Connecticut","Windham County, Connecticut",9015,1,0,0,0,0,0,0,1,60689,63366,2677,0.4111,8.4,81.092006864304,15.4584186554476,230.9
"Delaware","Kent County, Delaware",10001,1,1,0,0,0,0,0,2,55184,58929,3745,0.4201,8,78.3527881690732,15.3225993023918,276.9
"Delaware","New Castle County, Delaware",10003,1,0,0,0,0,0,0,1,66283,73539,7256,0.4545,6.9,80.2922571962114,15.9762855061128,1263.2
"Delaware","Sussex County, Delaware",10005,1,0,0,0,0,0,0,1,54218,58838,4620,0.4384,7.1,74.5040348618211,15.2891730824985,210.6
"District of Columbia","District of Columbia, District of Columbia",11001,26,18,40,1,0,19,19,125,72935,122593,49658,0.5334,8.7,82.2805386882431,16.9152715892328,9856.5
"Florida","Alachua County, Florida",12001,4,0,0,0,0,0,0,4,44702,51981,7279,0.5161,7,75.77094113975,16.5682923178058,282.7
"Florida","Brevard County, Florida",12009,4,2,3,0,0,0,0,12,49914,51917,2003,0.4528,9.3,73.7447748878547,15.8251540217948,535
"Florida","Broward County, Florida",12011,5,3,3,0,0,0,0,14,52954,60118,7164,0.4807,8.7,81.6393406513514,15.6518015472829,1444.9
"Florida","Charlotte County, Florida",12015,1,0,0,0,0,0,0,1,44865,45956,1091,0.4525,10.1,66.7452665279767,15.437366702938,235.2
"Florida","Clay County, Florida",12019,2,0,0,0,0,0,0,2,59179,60172,993,0.4115,8.9,76.9243831981482,15.6078406627669,315.8
"Florida","DeSoto County, Florida",12027,1,0,0,0,0,0,0,1,35513,39550,4037,0.4287,8.3,62.3696512616955,13.4529320356588,54.7
"Florida","Escambia County, Florida",12033,2,0,0,0,0,0,0,2,46117,51971,5854,0.435,8.3,74.7301937798277,15.6961242125706,453.4
"Florida","Hillsborough County, Florida",12057,3,0,2,0,0,0,0,7,51681,62236,10555,0.4804,7.9,79.2727106987037,15.6780702642503,1204.9
"Florida","Lake County, Florida",12069,1,0,1,0,0,0,0,3,47141,48506,1365,0.4292,8.2,73.2669686095065,15.3102539819199,316.6
"Florida","Lee County, Florida",12071,4,0,2,0,0,0,0,8,50390,53930,3540,0.4768,8.5,72.9143538112818,15.3905228175664,788.7
"Florida","Miami-Dade County, Florida",12086,2,7,14,1,0,0,0,38,44224,70444,26220,0.5264,8.5,77.8755148868072,14.9466943158825,1315.5
"Florida","Orange County, Florida",12095,3,2,2,0,0,1,1,9,49391,60489,11098,0.4813,8.1,80.478618641674,15.691506442298,1268.5
"Florida","Osceola County, Florida",12097,1,0,0,0,0,0,0,1,45536,54166,8630,0.4304,8.3,74.5146341760733,15.0167966790285,202.4
"Florida","Palm Beach County, Florida",12099,0,2,0,0,0,0,0,2,55277,62814,7537,0.5169,8.2,79.8088111397313,15.717611638663,670.2
"Florida","Pasco County, Florida",12101,2,0,1,0,0,0,0,4,46010,45721,-289,0.4469,8.2,71.2851636793091,15.4049789641173,622.2
"Florida","Pinellas County, Florida",12103,3,0,2,0,0,0,0,7,47090,49850,2760,0.4861,7.3,76.7973797340854,15.7850717896809,3347.5
"Florida","St. Johns County, Florida",12109,0,0,1,0,0,0,0,2,69523,71059,1536,0.4772,6,76.6005163707016,16.5341886458564,316.4
"Florida","St. Lucie County, Florida",12111,0,1,0,0,0,0,0,1,44140,48858,4718,0.4625,9.9,72.2647759821037,15.0930515468836,485.7
"Florida","Seminole County, Florida",12117,0,2,0,0,0,0,0,2,58538,64892,6354,0.4571,8,79.8919709256086,16.2356004582856,1367
"Florida","Volusia County, Florida",12127,4,0,2,0,0,0,0,8,42240,45037,2797,0.4639,7.8,70.7722944381987,15.4824468227068,449.2
"Georgia","Fulton County, Georgia",13121,0,0,5,0,0,0,0,10,58851,91704,32853,0.5417,8.9,79.465112598774,16.649143511715,1748
"Georgia","Rockdale County, Georgia",13247,1,0,0,0,0,0,0,1,51072,54107,3035,0.4152,10.3,77.1127696271068,15.4020453425333,656.5
"Idaho","Ada County, Idaho",16001,1,4,1,0,0,0,0,7,58099,59703,1604,0.4589,5.3,79.373310735354,16.3352660227523,372.8
"Idaho","Bannock County, Idaho",16005,4,0,0,0,0,0,0,4,45216,46799,1583,0.4526,7.1,75.504757106873,15.9246120582439,74.5
"Idaho","Benewah County, Idaho",16009,1,0,0,0,0,0,0,1,42600,42597,-3,0.421,10.2,69.9887766554433,15.0186549615927,12
"Idaho","Bingham County, Idaho",16011,0,0,1,0,0,0,0,2,49943,54384,4441,0.3939,6.6,76.243389190465,14.8867297177479,21.8
"Idaho","Canyon County, Idaho",16027,4,0,1,0,0,0,0,6,44860,46673,1813,0.4016,8.3,75.9929672901994,14.8671742051052,321.6
"Idaho","Elmore County, Idaho",16039,1,0,0,0,0,0,0,1,44444,46900,2456,0.4211,7.5,75.160833267701,15.017291613884,8.8
"Idaho","Kootenai County, Idaho",16055,3,2,0,0,0,0,0,5,50924,51060,136,0.4379,7.1,75.5651311961064,15.8290357852883,111.3
"Idaho","Latah County, Idaho",16057,0,0,1,0,0,0,0,2,42133,43910,1777,0.464,7.7,80.3749018207783,16.8819776714514,34.6
"Idaho","Payette County, Idaho",16075,0,1,0,0,0,0,0,1,45670,47245,1575,0.4429,8.2,72.8530013704888,15.0482106684673,55.6
"Idaho","Twin Falls County, Idaho",16083,2,0,0,0,0,0,0,2,45500,46754,1254,0.4251,4.4,78.377435233818,15.2437220167413,40.2
"Illinois","Champaign County, Illinois",17019,1,2,1,0,1,0,1,6,48899,55181,6282,0.5,5.4,81.5600016722583,16.7823611286853,201.8
"Illinois","Coles County, Illinois",17029,1,0,0,0,0,0,0,1,38800,40419,1619,0.5001,7.4,77.1515941911407,15.7077404317959,106
"Illinois","Cook County, Illinois",17031,34,9,14,0,0,3,3,71,56902,73572,16670,0.5048,9.7,79.7327236148537,15.6989154388545,5495.1
"Illinois","Crawford County, Illinois",17033,1,0,0,0,0,0,0,1,47364,47435,71,0.4552,6.7,66.9378703347441,15.3910582503403,44.7
"Illinois","DuPage County, Illinois",17043,2,0,0,0,0,0,0,2,81521,85867,4346,0.4563,6.1,83.3345473609517,16.5253002553302,2799.8
"Illinois","Effingham County, Illinois",17049,1,1,0,0,0,0,0,2,52977,53060,83,0.4401,4.9,80.9285722463934,15.475228330174,71.5
"Illinois","Kane County, Illinois",17089,3,0,0,0,0,0,0,3,71602,83734,12132,0.4417,6.9,81.4604239807526,15.3321047336699,990.8
"Illinois","Kankakee County, Illinois",17091,3,0,0,0,0,0,0,3,54697,60695,5998,0.4194,8.4,77.589881800057,15.164759631215,167.7
"Illinois","Lake County, Illinois",17097,1,0,0,0,0,0,0,1,79886,91296,11410,0.4844,7,82.3309302021539,16.2079955479687,1585.6
"Illinois","Madison County, Illinois",17119,1,0,0,0,0,0,0,1,54573,57848,3275,0.4396,8.2,78.1911186526601,15.7925636114316,376.3
"Illinois","Marion County, Illinois",17121,2,0,0,0,0,0,0,2,43427,44954,1527,0.428,9.1,76.4581520900817,15.1768118125659,68.9
"Illinois","McHenry County, Illinois",17111,4,0,0,0,0,0,0,4,79836,81843,2007,0.4004,6.5,83.8486637439193,15.9963452981893,511.9
"Illinois","McLean County, Illinois",17113,3,0,0,0,0,0,0,3,63420,66262,2842,0.4497,4.7,83.7295842015533,16.5254008001612,143.3
"Illinois","Peoria County, Illinois",17143,1,0,0,0,0,0,0,1,51632,57101,5469,0.4662,8.2,78.3178821500551,15.8786131821768,301.2
"Illinois","Sangamon County, Illinois",17167,3,0,0,0,0,0,0,3,56742,62095,5353,0.4565,7.5,80.6493193627754,16.0568063327018,227.4
"Illinois","Tazewell County, Illinois",17179,1,0,0,0,0,0,0,1,60178,60414,236,0.4164,5.1,79.7249957789284,15.7083342191985,208.6
"Illinois","Warren County, Illinois",17187,1,0,0,0,0,0,0,1,44067,45385,1318,0.4274,8.1,80.2362426567558,15.2009345794393,32.6
"Illinois","Whiteside County, Illinois",17195,0,0,1,0,0,0,0,2,49151,50058,907,0.4185,6.8,78.734785464855,15.1585396537842,85.5
"Illinois","Will County, Illinois",17197,5,1,3,0,0,0,0,12,77507,82918,5411,0.4097,6.8,81.6884048926267,15.8903473903701,809.6
"Illinois","Winnebago County, Illinois",17201,3,0,2,0,0,0,0,7,49468,54328,4860,0.449,10.5,78.8262175909856,15.3117955768511,575.2
"Indiana","Allen County, Indiana",18003,2,0,2,0,0,0,0,6,49574,54234,4660,0.4509,7,79.5011619896938,15.6285682701384,540.6
"Indiana","Brown County, Indiana",18013,0,0,1,0,0,0,0,2,56323,56831,508,0.4503,5.6,74.0681183341798,15.65179138322,48.9
"Indiana","Delaware County, Indiana",18035,1,0,0,0,0,0,0,1,39537,41029,1492,0.4583,9.4,74.800045846148,15.5441019144144,300.1
"Indiana","Dubois County, Indiana",18037,0,0,0,0,1,0,1,1,55154,57001,1847,0.4174,2.9,84.0813795633829,15.1128772494923,98
"Indiana","Hendricks County, Indiana",18063,0,1,0,0,0,0,0,1,73042,74256,1214,0.3723,5,82.7617792757673,16.0976325019486,357.4
"Indiana","Lake County, Indiana",18089,0,1,0,0,0,0,0,1,50905,61152,10247,0.4483,9.6,76.0062781293191,15.2156634391718,994.1
"Indiana","LaPorte County, Indiana",18091,2,0,1,0,0,0,0,4,48165,51301,3136,0.4392,8.8,69.7894087058626,15.1669456881448,186.3
"Indiana","Madison County, Indiana",18095,0,0,1,0,0,0,0,2,44795,46587,1792,0.4258,7.8,71.2957852935532,15.1554205451201,291.3
"Indiana","Marion County, Indiana",18097,20,3,5,0,0,0,0,33,43369,52196,8827,0.4826,9,78.97108511633,15.5038557113701,2279.6
"Indiana","Monroe County, Indiana",18105,7,0,2,0,0,0,0,11,43389,46365,2976,0.5117,6.6,79.730217354258,16.6948554010854,349.7
"Indiana","Porter County, Indiana",18127,1,0,0,0,0,0,0,1,64874,65565,691,0.4214,6.3,77.0493164994889,15.7113290820162,393
"Indiana","St. Joseph County, Indiana",18141,10,0,0,0,0,0,0,10,46174,51198,5024,0.4645,7.5,78.7680964194468,15.6368559153427,583
"Iowa","Boone County, Iowa",19015,1,0,0,0,0,0,0,1,54513,54263,-250,0.4066,4.3,83.3484822327723,15.7344396082699,46
"Iowa","Clinton County, Iowa",19045,0,1,0,0,0,0,0,1,50067,51639,1572,0.4341,4.6,79.7803561148121,15.449629965262,70.7
"Iowa","Dubuque County, Iowa",19061,1,0,0,0,0,0,0,1,56154,57875,1721,0.4346,4,85.1876012949255,15.7786741986829,154
"Iowa","Jasper County, Iowa",19099,1,0,0,0,0,0,0,1,55503,56185,682,0.4019,4.9,76.7818921456139,15.3486775769798,50.4
"Iowa","Johnson County, Iowa",19103,4,0,0,0,0,0,0,4,56808,62402,5594,0.4904,3.2,85.0192831975972,17.1065955068335,213.1
"Iowa","Linn County, Iowa",19113,0,0,1,0,0,0,0,2,60989,62706,1717,0.4294,4.2,84.2076727441746,16.1324618766409,294.6
"Iowa","Mahaska County, Iowa",19123,1,0,0,0,0,0,0,1,49599,50508,909,0.4459,6.3,79.6917453250223,15.5215860786397,39.2
"Iowa","Polk County, Iowa",19153,2,1,1,0,0,0,0,5,61684,65170,3486,0.4481,5.2,84.1896863732501,16.0266038978882,750.5
"Kansas","Brown County, Kansas",20013,1,0,0,0,0,0,0,1,44672,47973,3301,0.4208,3.9,81.1135107046352,15.5045692883895,17.5
"Kansas","Butler County, Kansas",20015,2,1,0,0,0,0,0,3,60338,60413,75,0.4176,5.3,78.57781285963,15.9550071895728,46.1
"Kansas","Crawford County, Kansas",20037,1,0,0,0,0,0,0,1,37607,38893,1286,0.4586,5.8,78.4159427666553,15.7514785346552,66.4
"Kansas","Doniphan County, Kansas",20043,1,0,0,0,0,0,0,1,49375,51327,1952,0.407,5.1,80.7406356711321,15.2998062015504,20.2
"Kansas","Ellis County, Kansas",20051,1,0,0,0,0,0,0,1,50140,51394,1254,0.4539,3.4,85.6719868735084,16.0170130166705,31.6
"Kansas","Finney County, Kansas",20055,0,0,1,0,0,0,0,2,50712,58107,7395,0.4149,4.8,82.7979962255773,14.0905546530518,28.2
"Kansas","Ford County, Kansas",20057,2,0,0,1,0,0,0,3,49688,52486,2798,0.4162,7.2,80.255407434096,13.9531581282974,30.8
"Kansas","Franklin County, Kansas",20059,1,0,0,0,0,0,0,1,51465,53045,1580,0.4094,6,80.624855044453,15.5040981189929,45.5
"Kansas","Greeley County, Kansas",20071,0,0,0,1,0,0,0,1,47000,50682,3682,0.4047,1.2,83.6925925925926,15.3635321100917,1.6
"Kansas","Harvey County, Kansas",20079,2,0,0,0,0,0,0,2,52463,55441,2978,0.4044,3.7,80.8307318827549,15.7858821481417,64.3
"Kansas","Johnson County, Kansas",20091,3,2,0,0,0,0,0,5,78186,81604,3418,0.45,4.1,84.6383182473669,16.9990060005218,1149.6
"Kansas","Linn County, Kansas",20107,1,0,0,0,0,0,0,1,45790,45690,-100,0.49,6.6,75.2594605983986,15.2096605353671,16.3
"Kansas","Montgomery County, Kansas",20125,1,0,0,1,0,0,0,2,42646,44637,1991,0.4421,7.4,74.8973055166961,15.3857534004593,55.1
"Kansas","Neosho County, Kansas",20133,1,0,0,0,0,0,0,1,43867,44697,830,0.4512,3.4,81.320942408377,15.50217572447,28.9
"Kansas","Pratt County, Kansas",20151,1,0,0,0,0,0,0,1,48995,49645,650,0.453,5.3,79.6410896461906,15.623419721871,13.1
"Kansas","Reno County, Kansas",20155,1,0,1,0,0,0,0,3,46000,46412,412,0.4304,5.2,74.9988088521096,15.338612263716,51.4
"Kansas","Saline County, Kansas",20169,3,0,0,0,0,0,0,3,48497,49624,1127,0.4481,4.5,82.5462082514735,15.4428536365868,77.2
"Kansas","Sedgwick County, Kansas",20173,5,0,2,0,0,0,0,9,51157,56638,5481,0.4549,6,79.7120650693472,15.7050304901464,499.6
"Kansas","Shawnee County, Kansas",20177,1,1,0,0,0,0,0,2,52088,56105,4017,0.4404,6,78.5130585887822,15.7347887406221,327.1
"Kansas","Thomas County, Kansas",20193,1,0,0,0,0,0,0,1,52074,54590,2516,0.4597,1.9,86.3836836573831,16.0451843043995,7.4
"Kansas","Wabaunsee County, Kansas",20197,1,0,0,0,0,0,0,1,57791,57988,197,0.359,4.7,79.7596202890337,15.5910616869492,8.9
"Kansas","Wyandotte County, Kansas",20209,1,0,0,0,0,0,0,1,40757,49282,8525,0.4276,9.3,76.9741458910434,14.4437691466622,1039
"Kentucky","Anderson County, Kentucky",21005,1,0,0,0,0,0,0,1,53513,54186,673,0.3906,7.4,78.2507919123842,15.214629258517,106.1
"Kentucky","Barren County, Kentucky",21009,2,0,1,0,0,0,0,4,39034,39733,699,0.439,7.6,72.662279040404,14.6188808811531,86.5
"Kentucky","Boone County, Kentucky",21015,1,0,1,0,0,0,0,3,69165,70412,1247,0.4111,5.3,81.5091557739849,15.9826450639618,482.3
"Kentucky","Bourbon County, Kentucky",21017,0,1,0,0,0,0,0,1,44232,47138,2906,0.4553,7.7,74.2205831408776,14.9176453634988,69
"Kentucky","Boyd County, Kentucky",21019,1,1,0,0,0,0,0,2,44140,44438,298,0.5091,8.5,61.7887719837186,15.4147472071865,309.9
"Kentucky","Bracken County, Kentucky",21023,0,0,0,1,0,0,0,1,35887,35819,-68,0.4612,8.8,73.3644772727273,14.6579501579502,41.3
"Kentucky","Breckinridge County, Kentucky",21027,1,0,0,0,0,0,0,1,43390,43964,574,0.4111,10.3,66.6655192475516,14.3757121223048,35.4
"Kentucky","Bullitt County, Kentucky",21029,7,0,0,0,0,0,0,7,58702,59727,1025,0.3813,6.7,77.7736376470588,14.9941985307968,250.2
"Kentucky","Calloway County, Kentucky",21035,1,1,0,0,0,0,0,2,36692,38567,1875,0.4985,6.9,72.3294645458253,15.5860335195531,96.6
"Kentucky","Campbell County, Kentucky",21037,2,1,1,0,0,0,0,5,56772,58153,1381,0.4468,5.8,79.3512446019718,15.8162604783636,597
"Kentucky","Christian County, Kentucky",21047,6,0,0,0,0,0,0,6,40253,44689,4436,0.4498,10.4,69.2683501184834,15.1280166137541,103.1
"Kentucky","Clark County, Kentucky",21049,3,0,0,0,0,0,0,3,49069,50811,1742,0.4416,6.9,73.5048286685849,15.041831792162,141.1
"Kentucky","Daviess County, Kentucky",21059,5,1,0,0,0,0,0,6,46675,49070,2395,0.4491,6.5,74.1639111586199,15.3459586452011,210.9
"Kentucky","Fayette County, Kentucky",21067,26,9,4,1,1,0,1,45,50661,57990,7329,0.4962,6.4,79.784085441423,16.3289647895035,1042.8
"Kentucky","Franklin County, Kentucky",21073,3,2,0,0,0,0,0,5,50999,53139,2140,0.4087,7.8,76.4454729350065,15.4751015235736,237.2
"Kentucky","Garrard County, Kentucky",21079,1,0,0,0,0,0,0,1,46373,46961,588,0.4319,8.9,71.7291702772964,14.5782392026578,73.5
"Kentucky","Graves County, Kentucky",21083,2,0,0,0,0,0,0,2,40268,42139,1871,0.4633,8.4,70.9935023017091,14.8068374718724,67.3
"Kentucky","Hardin County, Kentucky",21093,4,0,1,0,0,1,1,6,51541,51051,-490,0.4207,7.6,75.690507988239,15.5705269801199,169.3
"Kentucky","Harlan County, Kentucky",21095,1,0,0,0,0,0,0,1,25350,25558,208,0.4863,10.3,47.6765881320462,14.0769904663746,62.9
"Kentucky","Harrison County, Kentucky",21097,1,0,0,0,0,0,0,1,40164,41086,922,0.4679,6.9,70.8043023014721,14.551269035533,61.5
"Kentucky","Henderson County, Kentucky",21101,2,0,0,0,0,0,0,2,41630,42791,1161,0.4594,6.4,73.1683645786938,15.1380529312394,105.9
"Kentucky","Hopkins County, Kentucky",21107,2,2,0,0,0,0,0,4,43169,44670,1501,0.4365,6.4,68.6745507627781,14.8916400012427,86.6
"Kentucky","Jefferson County, Kentucky",21111,4,1,1,0,0,0,0,7,50099,56353,6254,0.4829,7.2,78.7449724438936,15.8726181023262,1948.1
"Kentucky","Jessamine County, Kentucky",21113,5,1,0,0,0,0,0,6,52748,54001,1253,0.4902,8,75.7820054366553,15.5964795346442,282.3
"Kentucky","Kenton County, Kentucky",21117,7,3,5,0,0,0,0,20,56568,59274,2706,0.4422,6.5,80.5382270599566,15.7195874415012,996.7
"Kentucky","Letcher County, Kentucky",21133,1,0,0,0,0,0,0,1,29181,29476,295,0.4581,12.9,53.5798087561245,14.3088119828471,72.6
"Kentucky","Madison County, Kentucky",21151,3,1,0,0,0,0,0,4,43707,44816,1109,0.4516,7.7,73.4235856232766,15.5285889108538,189.6
"Kentucky","Marshall County, Kentucky",21157,0,1,1,0,0,0,0,3,45670,46104,434,0.4307,6.8,70.1621754255187,15.0155442702583,104.4
"Kentucky","Mason County, Kentucky",21161,1,0,0,0,0,0,0,1,38613,40020,1407,0.5196,6.6,69.4122079373952,14.8225299464786,72.8
"Kentucky","McCracken County, Kentucky",21145,3,1,0,0,0,0,0,4,42303,45280,2977,0.52,5.1,72.6869529604493,15.4991743796984,263.6
"Kentucky","McCreary County, Kentucky",21147,1,0,0,0,0,0,0,1,18972,19083,111,0.4938,17.6,44.6144514553226,13.9774485060653,42.9
"Kentucky","Nelson County, Kentucky",21179,1,0,0,0,0,0,0,1,51408,52192,784,0.4542,7.1,76.3869977350893,15.1679632486084,104
"Kentucky","Pendleton County, Kentucky",21191,0,1,0,0,0,0,0,1,49766,49935,169,0.4238,5.6,69.8322988505747,14.5399136459484,53.7
"Kentucky","Powell County, Kentucky",21197,0,1,0,0,0,0,0,1,34048,34268,220,0.4574,7.4,60.3296915362407,14.2506589983225,70.5
"Kentucky","Scott County, Kentucky",21209,3,0,0,0,0,0,0,3,64329,67339,3010,0.4121,5.3,81.844152545448,15.718486251021,167.4
"Kentucky","Shelby County, Kentucky",21211,3,1,0,0,0,0,0,4,61737,65384,3647,0.437,4.9,75.988142178136,15.2154008299848,110.8
"Kentucky","Simpson County, Kentucky",21213,2,0,0,0,0,0,0,2,42288,46426,4138,0.4317,5.5,71.3619564061669,14.79283719402,74
"Kentucky","Spencer County, Kentucky",21215,1,0,0,0,0,0,0,1,65700,67630,1930,0.368,6.7,78.4537552573603,15.4053543565739,91.4
"Kentucky","Todd County, Kentucky",21219,0,1,0,0,0,0,0,1,41306,44617,3311,0.4266,7.9,67.595262295082,14.2114575600099,33.3
"Kentucky","Warren County, Kentucky",21227,6,2,3,0,0,0,0,14,46929,50169,3240,0.4582,6.8,76.3795878212196,15.5652943901044,210.1
"Kentucky","Wolfe County, Kentucky",21237,1,0,0,0,0,0,0,1,21797,22065,268,0.5215,10.2,42.7133654103181,13.8820247110403,33.1
"Kentucky","Woodford County, Kentucky",21239,1,0,0,0,0,0,0,1,59471,61853,2382,0.452,4.3,81.5438958180484,15.7943740095087,132.1
"Louisiana","Avoyelles Parish, Louisiana",22009,1,0,0,0,0,0,0,1,34985,40088,5103,0.492,8.5,60.4388664343786,14.0543637861261,50.5
"Louisiana","Bossier Parish, Louisiana",22015,1,0,1,0,0,0,0,3,51894,59451,7557,0.4443,5.7,78.0033184790432,15.5935735943008,139.3
"Louisiana","Caddo Parish, Louisiana",22017,0,1,0,0,0,0,0,1,40815,56606,15791,0.5147,7.1,71.7294915488417,15.3608532443544,290.2
"Louisiana","Calcasieu Parish, Louisiana",22019,1,0,0,0,0,0,0,1,46457,52802,6345,0.4653,7.4,74.081036221737,15.1449357330462,181.2
"Louisiana","East Baton Rouge Parish, Louisiana",22033,2,0,1,0,0,0,0,4,49942,68162,18220,0.5004,7,79.109260467111,15.9612473085921,966.6
"Louisiana","Lafourche Parish, Louisiana",22057,1,0,0,0,0,0,0,1,52071,56644,4573,0.4414,7.3,72.7614367315326,14.2074256284111,90.2
"Louisiana","Madison Parish, Louisiana",22065,1,0,0,0,0,0,0,1,25404,40000,14596,0.5008,14.1,58.5196122416279,14.2674058793192,19.4
"Louisiana","Orleans Parish, Louisiana",22071,3,2,1,0,0,0,0,7,37488,66530,29042,0.5702,9.8,74.13743779274,15.907209069036,2029.4
"Louisiana","St. Charles Parish, Louisiana",22089,6,0,0,0,0,0,0,6,61691,76037,14346,0.428,8.2,78.2322068148561,15.2155823200599,189.1
"Louisiana","St. John the Baptist Parish, Louisiana",22095,4,0,1,0,0,0,0,6,51406,59769,8363,0.4243,8.2,75.3688147988815,14.7861600139446,215.5
"Maine","Androscoggin County, Maine",23001,2,0,0,0,0,0,0,2,48728,49773,1045,0.4338,5.8,80.5177011735488,15.3528048090142,230.2
"Maine","Cumberland County, Maine",23005,7,6,3,0,0,0,0,19,61902,63683,1781,0.4638,4.6,82.4143599510614,16.5538674033149,337.2
"Maine","Franklin County, Maine",23007,0,0,1,0,0,0,0,2,43007,43316,309,0.4346,6.9,76.2805087460755,15.6752963049036,18.1
"Maine","Kennebec County, Maine",23011,1,1,1,0,0,0,0,4,48570,48897,327,0.4335,7,75.5910746588993,15.6436387637652,140.8
"Maine","Penobscot County, Maine",23019,1,0,0,0,0,0,0,1,45302,45678,376,0.4484,7.3,75.0332668758846,15.6438897546139,45.3
"Maine","York County, Maine",23031,5,3,1,0,0,0,0,10,59132,59492,360,0.4322,5.1,80.8853731070138,15.878172239248,199
"Maryland","Baltimore city, Maryland",24510,1,0,2,0,0,0,0,5,44262,67919,23657,0.5156,11.4,73.9743677934821,15.4967217271178,7671.5
"Maryland","Harford County, Maryland",24025,4,0,0,0,0,0,0,4,81052,83948,2896,0.4065,6,82.5166662957275,16.0769833107382,560.1
"Maryland","Prince George's County, Maryland",24033,1,0,1,0,0,0,0,3,75925,86690,10765,0.3951,8,85.003264724184,15.4637965495037,1788.8
"Massachusetts","Barnstable County, Massachusetts",25001,2,0,4,1,0,0,0,11,65382,66038,656,0.4604,6.3,81.1072837719465,16.5327318289657,548.3
"Massachusetts","Berkshire County, Massachusetts",25003,2,0,1,0,0,0,0,4,52253,53716,1463,0.4656,8.2,80.3899376777395,15.9188531823759,141.6
"Massachusetts","Bristol County, Massachusetts",25005,4,0,1,0,1,0,1,7,59343,63154,3811,0.4539,8.1,79.896499525051,15.0840765359811,991.3
"Massachusetts","Dukes County, Massachusetts",25007,0,0,0,0,1,0,1,1,63534,71196,7662,0.5239,4.3,79.5038682414129,16.4112054062549,160.2
"Massachusetts","Essex County, Massachusetts",25009,19,12,9,1,0,1,1,50,70886,78848,7962,0.4783,7,81.7299003623855,15.9066550901791,1508.8
"Massachusetts","Franklin County, Massachusetts",25011,0,0,0,1,1,0,1,2,56347,57271,924,0.4438,6.1,80.4902922201138,16.2667162811999,102.1
"Massachusetts","Hampden County, Massachusetts",25013,8,0,4,0,0,0,0,16,51005,62049,11044,0.4655,8.8,76.8384279693981,15.3131642240965,751
"Massachusetts","Hampshire County, Massachusetts",25015,2,1,1,0,0,0,0,5,62608,64403,1795,0.464,7.1,82.189485317758,16.7713725370647,299.8
"Massachusetts","Middlesex County, Massachusetts",25017,58,36,13,3,1,5,6,124,89019,93565,4546,0.471,5.4,83.8270791572825,16.8534114113564,1837.9
"Massachusetts","Norfolk County, Massachusetts",25021,14,2,3,0,3,0,3,25,90226,93178,2952,0.4806,6.3,83.6123990099222,16.8157870704756,1693.6
"Massachusetts","Plymouth County, Massachusetts",25023,1,0,0,0,0,0,0,1,77627,82175,4548,0.4445,6.9,82.3658913478168,16.0093566178578,750.9
"Massachusetts","Suffolk County, Massachusetts",25025,75,17,28,1,0,9,9,149,57439,78476,21037,0.5327,7.9,81.4497904967307,15.7649283107778,12415.6
"Massachusetts","Worcester County, Massachusetts",25027,7,3,1,1,0,1,1,13,67005,71970,4965,0.4516,6.7,80.9593043986422,15.9078013799589,528.6
"Michigan","Allegan County, Michigan",26005,0,0,1,0,0,0,0,2,55630,56565,935,0.4129,4.7,77.0124174506393,15.3383403553764,135
"Michigan","Barry County, Michigan",26015,3,0,0,0,0,0,0,3,56883,57322,439,0.3846,6.2,78.7089762969157,15.4156134551818,107
"Michigan","Benzie County, Michigan",26019,1,0,0,0,0,0,0,1,48694,49112,418,0.4007,7.6,77.3936869545506,15.7364132523637,54.8
"Michigan","Berrien County, Michigan",26021,2,1,0,0,0,0,0,3,45980,51462,5482,0.472,7.8,75.5924456487491,15.6473868900014,276.2
"Michigan","Branch County, Michigan",26023,1,0,0,0,0,0,0,1,46428,46411,-17,0.4089,5.5,71.3500442321302,14.9534160452129,89.4
"Michigan","Calhoun County, Michigan",26025,6,1,1,0,0,0,0,9,44681,47799,3118,0.4402,8.5,73.3564353709956,15.3986966173594,192.8
"Michigan","Clare County, Michigan",26035,1,0,0,0,0,0,0,1,34911,35263,352,0.4471,12.5,62.955496168459,14.7622947131609,54.8
"Michigan","Delta County, Michigan",26041,1,0,0,0,1,0,1,2,42353,43211,858,0.4387,7.5,74.1443660843084,15.5324145742873,31.7
"Michigan","Eaton County, Michigan",26045,2,0,0,0,0,0,0,2,56472,57993,1521,0.4065,6.7,79.0869643199192,15.8246282070058,187.4
"Michigan","Emmet County, Michigan",26047,1,0,0,0,0,0,0,1,51096,51564,468,0.47,7.5,79.1252018822982,16.1894763470782,69.9
"Michigan","Genesee County, Michigan",26049,17,1,2,0,0,0,0,22,43246,48706,5460,0.4581,12,70.4359232376296,15.4623152028325,668.5
"Michigan","Grand Traverse County, Michigan",26055,4,3,0,0,0,0,0,7,55597,56506,909,0.4477,5.8,79.131158714703,16.1528097526305,187.3
"Michigan","Gratiot County, Michigan",26057,2,0,0,0,0,0,0,2,42145,43423,1278,0.4532,8,62.1526475108275,15.0404458598726,74.7
"Michigan","Hillsdale County, Michigan",26059,1,0,0,0,0,0,0,1,44458,44916,458,0.4363,7.6,71.7833311713581,15.0984562167702,78.1
"Michigan","Houghton County, Michigan",26061,2,0,0,0,0,0,0,2,39080,40321,1241,0.4589,7.4,71.3540589219092,15.917125524965,36.3
"Michigan","Huron County, Michigan",26063,1,0,0,0,0,0,0,1,43082,43216,134,0.4295,6.6,75.9700018737118,14.980608122475,39.6
"Michigan","Ingham County, Michigan",26065,7,2,0,0,0,0,0,9,46842,51074,4232,0.4794,8.9,77.5021075565402,16.3682908338671,505.1
"Michigan","Ionia County, Michigan",26067,1,0,0,0,0,0,0,1,50037,49933,-104,0.3949,8.2,69.1626514672946,15.0880667375329,111.9
"Michigan","Isabella County, Michigan",26073,1,0,0,0,0,0,0,1,40706,41196,490,0.4904,9.9,76.7314421521036,15.8692595562684,122.8
"Michigan","Jackson County, Michigan",26075,3,0,0,0,0,0,0,3,47709,49917,2208,0.4415,8.9,69.8734322079219,15.4451060254607,228.4
"Michigan","Kalamazoo County, Michigan",26077,5,0,0,0,0,0,0,5,49693,53667,3974,0.467,7.3,78.9393121236804,16.3229311733811,445.7
"Michigan","Kent County, Michigan",26081,3,2,1,0,0,0,0,7,54673,60327,5654,0.4596,6.3,80.3954957589057,15.8249082850591,711.5
"Michigan","Lapeer County, Michigan",26087,3,0,2,0,0,0,0,7,54174,54751,577,0.3992,9.2,71.6564283005352,15.2973909365952,137.4
"Michigan","Livingston County, Michigan",26093,0,0,0,1,1,0,1,2,76764,76560,-204,0.3952,5.5,80.0569089861522,16.2290142562371,320.2
"Michigan","Luce County, Michigan",26095,0,0,0,1,0,0,0,1,38167,39552,1385,0.406,13.4,52.6575791227096,14.9829129373474,7.4
"Michigan","Mackinac County, Michigan",26097,0,0,1,0,0,0,0,2,40747,42308,1561,0.4314,11.2,73.6656277986745,15.357874672385,10.9
"Michigan","Macomb County, Michigan",26099,14,1,0,2,0,0,0,17,55951,58257,2306,0.4253,7.5,78.1897851084371,15.4607935453981,1754.9
"Michigan","Marquette County, Michigan",26103,3,0,0,0,0,0,0,3,46822,47332,510,0.4416,7.2,71.0175078440161,15.9467010193794,37.1
"Michigan","Mason County, Michigan",26105,4,0,0,0,0,0,0,4,43497,43811,314,0.4469,9.8,76.3562155457552,15.5139482892691,58
"Michigan","Mecosta County, Michigan",26107,3,0,0,0,0,0,0,3,41827,42503,676,0.4476,10.7,72.0457861373792,15.3875462578355,77.1
"Michigan","Menominee County, Michigan",26109,3,0,0,0,0,0,0,3,41235,41575,340,0.4408,7.1,74.2982973149967,15.1972620147874,23
"Michigan","Monroe County, Michigan",26115,5,0,0,0,0,0,0,5,56968,57733,765,0.414,7,74.9262114592435,15.3687729114412,276.7
"Michigan","Montcalm County, Michigan",26117,1,0,1,0,0,0,0,3,43126,43583,457,0.4095,8.6,67.6930747005357,14.9655578655579,89.8
"Michigan","Muskegon County, Michigan",26121,4,1,1,0,0,0,0,7,43920,47952,4032,0.4321,10.4,71.5970818180807,15.3164553686934,344.9
"Michigan","Newaygo County, Michigan",26123,3,0,0,0,0,0,0,3,44049,44873,824,0.4315,8.9,69.0796303082122,14.8472612890542,59.6
"Michigan","Oakland County, Michigan",26125,22,4,4,0,0,0,0,34,69850,73422,3572,0.4683,6.3,80.1673548109838,16.606289579986,1385.7
"Michigan","Oceana County, Michigan",26127,2,0,1,0,0,0,0,4,41952,42996,1044,0.4186,8.3,70.1625155957579,15.0456892680736,51.9
"Michigan","Osceola County, Michigan",26133,1,0,0,0,0,0,0,1,39247,39510,263,0.4308,8.8,66.6006709677419,14.9034456881996,41.5
"Michigan","Otsego County, Michigan",26137,1,0,0,0,0,0,0,1,50793,50658,-135,0.4226,6.8,76.4086086248983,15.4181453752284,46.9
"Michigan","Saginaw County, Michigan",26145,6,2,1,0,0,0,0,10,43712,50441,6729,0.4563,9.5,71.4442778890029,15.3313796110248,250.2
"Michigan","St. Clair County, Michigan",26147,0,0,3,0,0,0,0,6,50930,51676,746,0.431,9.1,74.4565786533372,15.2974705645342,226.1
"Michigan","St. Joseph County, Michigan",26149,1,0,0,0,0,0,0,1,45410,46789,1379,0.4138,6.6,76.1075272324049,14.8909251924922,122.4
"Michigan","Sanilac County, Michigan",26151,1,0,0,0,0,0,0,1,42037,42225,188,0.4246,9.2,73.037765907157,14.9358562743357,44.8
"Michigan","Shiawassee County, Michigan",26155,1,0,0,0,0,0,0,1,48470,48793,323,0.4079,8.8,73.5710252518283,15.3554367726594,133.1
"Michigan","Tuscola County, Michigan",26157,2,1,1,0,1,0,1,6,44193,44433,240,0.4036,8.4,71.791689407095,15.0239481691323,69.4
"Michigan","Van Buren County, Michigan",26159,3,0,1,0,0,0,0,5,47141,50212,3071,0.4432,7.6,73.0899832797428,15.1664996758413,125.5
"Michigan","Washtenaw County, Michigan",26161,3,1,0,0,0,0,0,4,62484,69249,6765,0.4796,6.3,78.971253791822,17.2392055969307,488.4
"Michigan","Wayne County, Michigan",26163,58,13,21,2,0,0,0,115,42043,56082,14039,0.4955,13,71.0473668894147,15.2738307790014,2974.4
"Michigan","Wexford County, Michigan",26165,1,0,0,0,0,0,0,1,40417,40348,-69,0.4331,8.2,71.3403256364713,15.1537273248886,57.9
"Minnesota","Anoka County, Minnesota",27003,3,0,0,0,0,0,0,3,73579,76132,2553,0.3916,4.9,85.3781371178348,15.886867043878,782.1
"Minnesota","Blue Earth County, Minnesota",27013,3,0,2,0,0,0,0,7,52119,53573,1454,0.4533,4.9,86.4716953682715,16.1263210605382,85.6
"Minnesota","Carver County, Minnesota",27019,1,0,0,0,0,0,0,1,88638,89304,666,0.4313,3,87.5087450021791,16.6173725082059,256.9
"Minnesota","Clay County, Minnesota",27027,0,0,1,0,0,0,0,2,59614,61951,2337,0.4143,3.1,86.856018328546,16.1155666116865,56.4
"Minnesota","Crow Wing County, Minnesota",27035,1,0,0,0,0,0,0,1,50893,51227,334,0.4539,4.3,78.9849390919158,15.8340308394691,62.6
"Minnesota","Dakota County, Minnesota",27037,10,0,1,0,0,0,0,12,77321,81560,4239,0.4117,4.4,86.8136608093717,16.4439428496717,709
"Minnesota","Hennepin County, Minnesota",27053,40,21,7,0,0,0,0,75,67989,76525,8536,0.4854,5.1,84.575837607642,16.5486027944112,2081.7
"Minnesota","Mille Lacs County, Minnesota",27095,1,0,0,0,0,0,0,1,51232,52025,793,0.4036,6.4,79.3302947014811,15.2451914941621,45.6
"Minnesota","Morrison County, Minnesota",27097,1,0,0,0,0,0,0,1,51456,51700,244,0.4352,4.5,83.7942514474773,15.1872657524582,29.5
"Minnesota","Ramsey County, Minnesota",27123,10,3,3,0,0,0,0,19,57717,65811,8094,0.4603,6.5,82.2336455485304,16.030481148951,3341.6
"Minnesota","Scott County, Minnesota",27139,0,1,0,0,0,0,0,1,90198,92448,2250,0.3936,4,87.5573834452137,16.3030765775881,364.5
"Minnesota","Stearns County, Minnesota",27145,3,2,1,0,0,0,0,7,56977,59511,2534,0.4294,4.8,85.7337397604693,15.7212328477046,112.2
"Minnesota","Washington County, Minnesota",27163,3,1,0,0,0,0,0,4,86689,87093,404,0.4127,4,84.1573859874886,16.5806125883541,619.7
"Minnesota","Wright County, Minnesota",27171,1,0,0,0,0,0,0,1,75705,76483,778,0.3746,4.4,87.4725525315626,15.9171564915317,188.5
"Mississippi","DeSoto County, Mississippi",28033,3,1,1,0,0,0,0,6,60111,64710,4599,0.4002,6.7,82.4352327084323,15.558233186129,338.7
"Mississippi","Harrison County, Mississippi",28047,0,0,1,0,0,0,0,2,43095,49599,6504,0.4467,9.6,74.7324630399072,15.3721983455797,326
"Mississippi","Stone County, Mississippi",28131,1,0,0,0,0,0,0,1,44995,51398,6403,0.4172,8.4,65.8192960135708,14.9001175088132,39.9
"Missouri","Boone County, Missouri",29019,5,0,2,0,0,0,0,9,50813,53642,2829,0.4841,4.6,82.2730948789772,16.7541209331602,237.3
"Missouri","Buchanan County, Missouri",29021,0,0,1,0,0,0,0,2,46680,47824,1144,0.4395,6.5,74.3967455494694,15.1761470956958,218.6
"Missouri","Clay County, Missouri",29047,2,0,0,0,0,0,0,2,63702,65741,2039,0.4062,5.2,82.6283485220699,15.9217469377285,558.6
"Missouri","Clinton County, Missouri",29049,1,0,0,0,0,0,0,1,57486,57711,225,0.3818,5,78.3707497160167,15.40059748204,49.5
"Missouri","Greene County, Missouri",29077,1,0,0,0,0,0,0,1,41908,42985,1077,0.4598,5.8,76.1747846377261,15.8838774024854,407.5
"Missouri","Jackson County, Missouri",29095,36,6,5,0,1,0,1,53,48104,57098,8994,0.4703,6.7,79.106844549463,15.7313712421205,1115.3
"Missouri","Lawrence County, Missouri",29109,1,0,0,0,0,0,0,1,40505,40660,155,0.4246,7,72.9528145169823,14.9091407964879,63.2
"Missouri","Phelps County, Missouri",29161,2,0,0,0,0,0,0,2,41603,43033,1430,0.4751,6.2,72.8651547466705,15.5065154787617,67.2
"Missouri","Polk County, Missouri",29167,0,1,0,0,0,0,0,1,42483,43052,569,0.4207,8.9,72.8393968804159,15.261627317864,49
"Missouri","St. Charles County, Missouri",29183,2,2,1,0,0,0,0,6,75603,76458,855,0.393,4.2,84.5152424295982,16.2565708661417,643.2
"Missouri","St. Louis County, Missouri",29189,3,1,1,0,0,0,0,6,61103,70396,9293,0.4862,6.7,81.8702262765483,16.5110419042521,1967.2
"Missouri","St. Louis city, Missouri",29510,8,1,0,0,0,0,0,9,36809,52918,16109,0.5186,10.6,75.836608679448,15.7801853902254,5157.5
"Missouri","Taney County, Missouri",29213,1,0,0,0,0,0,0,1,38040,38452,412,0.4313,7.5,74.0518390978582,15.3013554379523,81.7
"Montana","Big Horn County, Montana",30003,2,0,2,0,0,0,0,6,44136,55900,11764,0.4331,16.8,74.9085869386412,15.2516916545044,2.6
"Montana","Broadwater County, Montana",30007,1,0,0,0,0,0,0,1,50946,50654,-292,0.4234,5.6,70.9385695187166,15.689497716895,4.7
"Montana","Flathead County, Montana",30029,0,0,1,0,1,0,1,3,48407,48965,558,0.4579,6.5,76.9456053034978,16.0321355359942,17.9
"Montana","Hill County, Montana",30041,1,0,0,0,0,0,0,1,42979,46613,3634,0.4372,5.3,72.3312695044314,15.6534989808794,5.6
"Montana","Lewis and Clark County, Montana",30049,3,3,0,0,0,0,0,6,59170,61466,2296,0.4072,4.1,81.1907391721723,16.347057929807,18.3
"Montana","Pondera County, Montana",30073,1,0,0,0,0,0,0,1,42193,44089,1896,0.4325,8.5,79.095640509725,15.4101096804959,3.8
"Montana","Richland County, Montana",30083,0,1,0,0,0,0,0,1,65638,66670,1032,0.4587,2.5,81.0172544495715,15.4671330517423,4.7
"Montana","Yellowstone County, Montana",30111,2,1,1,0,0,0,0,5,55032,56837,1805,0.4523,3.7,81.7186211537285,15.8781143251862,56.2
"Nebraska","Buffalo County, Nebraska",31019,1,0,0,0,0,0,0,1,54098,56110,2012,0.434,3.3,87.3140723100238,16.1064794301101,47.6
"Nebraska","Douglas County, Nebraska",31055,4,1,0,0,0,0,0,5,56003,64315,8312,0.4659,4.9,82.4578884873158,15.9231736351509,1574.4
"Nebraska","Hall County, Nebraska",31079,2,0,0,0,0,0,0,2,51355,54428,3073,0.4273,5.3,84.6068973433913,14.865383140293,107.3
"Nebraska","Lancaster County, Nebraska",31109,13,3,2,0,1,0,1,21,53730,57086,3356,0.4476,4.4,84.6988453768246,16.3035028649064,340.8
"Nebraska","Madison County, Nebraska",31119,1,0,0,0,0,0,0,1,48673,50502,1829,0.4189,3.1,85.9633346776517,15.2987965565706,60.9
"Nebraska","Saline County, Nebraska",31151,2,0,0,0,0,0,0,2,49332,54743,5411,0.3926,3.4,80.5865851840811,14.5312143996355,24.7
"Nebraska","Sarpy County, Nebraska",31153,0,0,1,0,0,0,0,2,72269,74480,2211,0.3813,3.7,86.0478552733883,16.3848865388852,664.6
"Nevada","Clark County, Nevada",32003,12,2,1,0,0,0,0,16,52629,59210,6581,0.4522,9.6,77.8007929102807,15.1533226028972,247.3
"Nevada","Washoe County, Nevada",32031,0,1,0,0,0,0,0,1,54955,59565,4610,0.4676,8,79.259071293601,15.5808101917643,66.9
"New Hampshire","Belknap County, New Hampshire",33001,2,1,0,1,0,0,0,4,61245,61443,198,0.4388,5.1,80.6945915128355,15.9278455284553,150.1
"New Hampshire","Cheshire County, New Hampshire",33005,2,2,0,0,0,0,0,4,58359,58700,341,0.449,5,82.7181737386049,15.9394447195034,109.1
"New Hampshire","Hillsborough County, New Hampshire",33011,1,1,1,0,0,0,0,4,73189,75057,1868,0.4262,5.2,83.0259988434678,16.0660519650531,457.4
"New Hampshire","Merrimack County, New Hampshire",33013,2,0,2,0,0,0,0,6,67181,67255,74,0.4197,4.8,80.1135851648352,16.2303282558218,156.8
"New Hampshire","Rockingham County, New Hampshire",33015,4,1,0,0,0,0,0,5,82398,82993,595,0.4173,4.9,85.9543910820353,16.4099388123268,425
"New Hampshire","Strafford County, New Hampshire",33017,2,1,1,1,0,0,0,6,63533,64458,925,0.4243,5.5,81.3594007279999,16.1344009855251,333.7
"New Hampshire","Sullivan County, New Hampshire",33019,1,0,0,0,0,0,0,1,58454,58631,177,0.4159,4.5,78.7330085886425,15.6678117048346,81.4
"New Jersey","Atlantic County, New Jersey",34001,3,4,0,0,0,0,0,7,55456,66708,11252,0.4556,11.8,80.62716784311,15.2368412622137,494.1
"New Jersey","Bergen County, New Jersey",34003,4,10,2,0,0,0,0,18,88487,94592,6105,0.4793,5.8,81.7526334269663,16.3601844438287,3884.5
"New Jersey","Camden County, New Jersey",34007,1,2,0,0,0,0,0,3,63028,74064,11036,0.466,8.8,80.0078681591133,15.5499734949756,2321.5
"New Jersey","Cape May County, New Jersey",34009,1,0,0,0,0,0,0,1,59338,61659,2321,0.4646,9.2,77.7214108233312,15.6148919818974,386.9
"New Jersey","Cumberland County, New Jersey",34011,2,2,0,0,0,0,0,4,49537,57393,7856,0.4491,9.9,66.2392936856505,14.2485669868096,324.4
"New Jersey","Essex County, New Jersey",34013,6,4,4,0,0,0,0,18,54860,93996,39136,0.5478,12.1,79.874747439389,15.4445093890254,6211.5
"New Jersey","Gloucester County, New Jersey",34015,12,1,1,0,0,0,0,15,78592,81677,3085,0.4124,8.1,81.9374985613627,15.7559648536751,895.3
"New Jersey","Hudson County, New Jersey",34017,7,2,2,0,0,0,0,13,60894,81481,20587,0.5002,8.1,81.4838339640788,15.4395991039293,13731.4
"New Jersey","Mercer County, New Jersey",34021,2,2,1,0,0,0,0,6,73966,91008,17042,0.4948,8.6,79.5383120576019,16.0760976121414,1632.2
"New Jersey","Middlesex County, New Jersey",34023,8,6,2,0,0,0,0,18,80716,79924,-792,0.4308,7,80.5571752938873,15.989300320002,2621.6
"New Jersey","Monmouth County, New Jersey",34025,11,2,1,1,0,0,0,16,87297,94070,6773,0.4692,6.8,81.0314632024865,16.3603718757472,1344.7
"New Jersey","Morris County, New Jersey",34027,1,1,0,0,0,0,0,2,102798,105285,2487,0.4561,5.6,84.3443646339109,16.7304960238396,1069.8
"New Jersey","Ocean County, New Jersey",34029,0,1,0,0,0,0,0,1,63108,63494,386,0.4409,7.6,78.3498944742205,15.5900947037169,917
"New Jersey","Passaic County, New Jersey",34031,3,0,0,0,0,0,0,3,61664,84798,23134,0.4766,7,77.3009547670639,14.9079895061766,2715.3
"New Jersey","Somerset County, New Jersey",34035,0,0,1,0,0,0,0,2,102405,105990,3585,0.4577,5.4,83.8873055984354,16.8585772485662,1071.7
"New Jersey","Sussex County, New Jersey",34037,0,1,0,0,0,0,0,1,87388,87833,445,0.4076,7.2,82.3105918614373,16.0109111338906,287.6
"New Jersey","Union County, New Jersey",34039,0,1,0,0,0,0,0,1,70476,94108,23632,0.4951,8.5,82.252542162823,15.4017498322134,5216.1
"New Jersey","Warren County, New Jersey",34041,1,0,0,0,0,0,0,1,72999,74220,1221,0.415,8.3,81.709580372426,15.6411687722016,304.5
"New Mexico","Bernalillo County, New Mexico",35001,7,9,9,0,0,0,0,34,48994,58817,9823,0.4721,7.3,75.7098316183869,15.8571428571429,570.8
"New Mexico","Valencia County, New Mexico",35061,1,0,0,0,0,0,0,1,41788,49723,7935,0.4402,10.7,64.1865243461181,14.8829920352752,71.8
"New York","Albany County, New York",36001,2,0,0,0,0,0,0,2,60904,67244,6340,0.461,5.8,80.9180183504918,16.414954682039,581.9
"New York","Broome County, New York",36007,1,0,0,0,0,0,0,1,47744,50207,2463,0.4558,7.4,75.8052376728411,15.8153397121123,284.2
"New York","Cayuga County, New York",36011,0,1,0,0,0,0,0,1,53114,53770,656,0.4157,6.9,74.2312752315365,15.485594627771,115.7
"New York","Chemung County, New York",36015,1,0,0,0,0,0,0,1,49578,51101,1523,0.4519,5.6,71.011023725546,15.6779840673082,218.1
"New York","Chenango County, New York",36017,2,0,0,0,0,0,0,2,46979,46967,-12,0.4193,7,72.1460501493476,15.1926975351302,56.5
"New York","Erie County, New York",36029,5,0,1,0,0,1,1,7,52744,59945,7201,0.4635,6.1,77.7922086271342,16.0025227343995,881.4
"New York","Monroe County, New York",36055,2,1,1,0,0,0,0,5,53568,61445,7877,0.4634,7.3,79.6449021642985,16.1640909476241,1132.6
"New York","Nassau County, New York",36059,7,45,1,0,0,0,0,54,102044,107838,5794,0.4544,5.8,81.8715359144883,16.2504458339797,4704.8
"New York","New York County, New York",36061,74,183,79,1,5,19,24,421,75513,110960,35447,0.5967,6.9,81.2617501503814,16.7509904066101,69468.4
"New York","Niagara County, New York",36063,2,0,1,0,0,0,0,4,50094,53418,3324,0.4374,7.1,76.670919177309,15.6159181527115,414.4
"New York","Oneida County, New York",36065,0,0,1,0,0,0,0,2,49838,52413,2575,0.4577,6.9,73.7737802681944,15.3942830705363,193.7
"New York","Orange County, New York",36071,0,1,0,0,0,0,0,1,71910,77165,5255,0.4387,6.7,77.791044947996,15.7070824098328,459.3
"New York","Oswego County, New York",36075,1,0,0,0,0,0,0,1,49571,49910,339,0.4213,9.1,72.6617351801258,15.2088609963942,128.3
"New York","Saratoga County, New York",36091,0,2,0,0,0,0,0,2,74080,73344,-736,0.415,5.4,81.9546342854814,16.4487361814286,271.1
"New York","Schenectady County, New York",36093,0,1,0,0,0,0,0,1,59959,65176,5217,0.4359,7.4,78.4709342560554,15.8337227707847,756.6
"New York","Schoharie County, New York",36095,0,1,0,0,0,0,0,1,50607,50164,-443,0.4168,10.1,74.9055164753795,15.3099518750568,52.7
"New York","Westchester County, New York",36119,3,6,2,0,0,0,0,13,86226,107484,21258,0.5382,7.1,81.1338997584517,16.2816479480041,2204.7
"North Carolina","Buncombe County, North Carolina",37021,1,0,2,0,0,0,0,5,46902,49724,2822,0.4655,6,76.6710477981692,16.061296677464,362.9
"North Carolina","Burke County, North Carolina",37023,4,0,0,0,0,0,0,4,39759,41663,1904,0.4444,10.8,70.6301197120096,14.6782984380193,179.3
"North Carolina","Cabarrus County, North Carolina",37025,0,1,0,0,0,0,0,1,58970,63028,4058,0.4236,7.9,80.8580425930808,15.6740527365389,492.1
"North Carolina","Catawba County, North Carolina",37035,1,0,0,0,0,0,0,1,45450,49493,4043,0.4526,7.9,76.8674040936389,15.1136152699523,387.1
"North Carolina","Chatham County, North Carolina",37037,1,0,0,0,0,0,0,1,58555,66985,8430,0.49,7.8,77.1220212175234,16.0619281917521,93.1
"North Carolina","Cumberland County, North Carolina",37051,7,0,0,0,0,0,0,7,44810,50678,5868,0.4377,11.4,75.3761979088197,15.6840664118989,489.7
"North Carolina","Durham County, North Carolina",37063,2,1,0,0,0,0,0,3,54093,70494,16401,0.479,6.3,80.4723782365964,16.3820864469895,935.7
"North Carolina","Edgecombe County, North Carolina",37065,1,0,0,0,0,0,0,1,32298,39861,7563,0.46,12.5,71.3336491695788,14.3651633810424,111.9
"North Carolina","Forsyth County, North Carolina",37067,6,0,0,0,0,0,0,6,46283,57273,10990,0.496,8.4,77.979709740441,15.782727471557,859.2
"North Carolina","Franklin County, North Carolina",37069,4,0,0,0,0,0,0,4,44272,52294,8022,0.4292,8.2,73.8844511922836,15.1124449594438,123.3
"North Carolina","Gaston County, North Carolina",37071,3,0,0,0,0,0,0,3,44288,47719,3431,0.4616,9.7,74.9697824663256,15.0617359835352,578.8
"North Carolina","Guilford County, North Carolina",37081,6,4,1,0,0,0,0,12,46896,59624,12728,0.4859,7.6,78.8482253734784,15.8350604795926,756.4
"North Carolina","Halifax County, North Carolina",37083,5,0,0,0,0,0,0,5,32549,43517,10968,0.4971,11.6,65.3939899833055,14.3745783001415,75.5
"North Carolina","Iredell County, North Carolina",37097,2,0,0,0,0,0,0,2,53937,57416,3479,0.4675,8.6,78.0067156736404,15.5063904376855,277.8
"North Carolina","Jackson County, North Carolina",37099,1,1,0,0,0,0,0,2,40278,42143,1865,0.4626,5.1,72.0552925155816,15.7260185466707,82.1
"North Carolina","Mecklenburg County, North Carolina",37119,1,0,0,0,0,0,0,1,59268,77297,18029,0.4899,7.9,82.8217736571495,16.1876486475592,1755.5
"North Carolina","Moore County, North Carolina",37125,0,0,0,0,1,0,1,1,51873,57746,5873,0.4579,7.3,76.2355696033477,15.9937113478876,126.5
"North Carolina","New Hanover County, North Carolina",37129,5,1,0,0,0,0,0,6,51232,56055,4823,0.4831,7.7,78.5927856280622,16.2397936584734,1058.1
"North Carolina","Onslow County, North Carolina",37133,0,0,1,0,0,0,0,2,46786,49609,2823,0.4089,11.8,75.7235238106574,15.4655666139336,233.1
"North Carolina","Pitt County, North Carolina",37147,1,0,4,0,0,1,1,9,42308,52440,10132,0.4926,11.5,79.0083845117283,15.803024315963,257.9
"North Carolina","Randolph County, North Carolina",37151,0,1,0,0,0,0,0,1,43010,45623,2613,0.418,7,75.8332850222097,14.6314331729635,181.1
"North Carolina","Richmond County, North Carolina",37153,1,0,0,0,0,0,0,1,32526,40903,8377,0.4733,11.6,68.4538464833376,14.54825676116,98.4
"North Carolina","Rowan County, North Carolina",37159,3,0,0,0,0,0,0,3,44494,48764,4270,0.444,10.6,72.3726870112795,15.0082480750976,270.7
"North Carolina","Sampson County, North Carolina",37163,2,0,0,0,0,0,0,2,36742,43445,6703,0.4721,9.4,73.4289377289377,14.2280103480715,67.1
"North Carolina","Surry County, North Carolina",37171,1,0,0,0,0,0,0,1,37345,38632,1287,0.4681,6.1,68.5425631204143,14.5986545762112,138.4
"North Carolina","Wake County, North Carolina",37183,18,7,6,0,0,0,0,37,70620,82206,11586,0.4463,5.7,83.1827314686672,16.677857421494,1078.8
"North Carolina","Watauga County, North Carolina",37189,0,0,1,0,0,0,0,2,39443,40208,765,0.5248,8.8,76.0485078355667,16.1646795067767,163.4
"North Carolina","Wilson County, North Carolina",37195,0,0,1,0,0,0,0,2,40260,53155,12895,0.4679,8.4,73.4119572526417,14.7179314732346,220.6
"North Carolina","Yadkin County, North Carolina",37197,1,1,0,0,0,0,0,2,38623,39702,1079,0.4496,6.8,70.2263090676884,14.5073509958804,114.7
"North Dakota","Burleigh County, North Dakota",38015,2,0,0,0,0,0,0,2,66057,68217,2160,0.4339,2.2,85.8136123246723,16.2300509616965,49.8
"North Dakota","Grand Forks County, North Dakota",38035,0,1,0,0,0,0,0,1,50652,52087,1435,0.4835,3.5,84.5558854359354,16.204884701215,46.5
"North Dakota","Hettinger County, North Dakota",38041,1,0,0,0,0,0,0,1,55230,52132,-3098,0.4568,2.5,77.283971291866,15.0492055356228,2.2
"North Dakota","McKenzie County, North Dakota",38053,2,0,0,0,0,0,0,2,78179,85000,6821,0.4738,3.7,79.5396253602305,15.7736314572089,2.3
"North Dakota","Williams County, North Dakota",38105,1,0,0,0,0,0,0,1,90080,91360,1280,0.4621,2,82.2092931261824,15.6933248755733,10.8
"Ohio","Ashland County, Ohio",39005,1,0,0,0,0,0,0,1,48509,48665,156,0.3966,5.7,78.6875643884062,15.1106065336474,125.6
"Ohio","Ashtabula County, Ohio",39007,1,0,0,0,0,0,0,1,41158,42179,1021,0.4272,8.1,68.6810863633725,14.8233430232558,144.6
"Ohio","Athens County, Ohio",39009,1,0,1,0,0,0,0,3,34221,34900,679,0.5101,9.4,66.7301529420095,15.9574891969246,128.6
"Ohio","Auglaize County, Ohio",39011,2,1,0,0,0,0,0,3,55914,56573,659,0.3975,4,83.3446901893287,15.3139095924886,114.5
"Ohio","Butler County, Ohio",39017,11,1,0,0,0,0,0,12,59652,62395,2743,0.4408,6.1,79.1831761523365,15.6792970918204,788.2
"Ohio","Champaign County, Ohio",39021,10,0,0,0,0,0,0,10,53673,53991,318,0.3847,7.2,77.0277125808056,15.0501785378688,93.5
"Ohio","Clark County, Ohio",39023,0,1,1,0,0,0,0,3,44154,46600,2446,0.4423,8.9,75.1117403476029,15.2059684781673,348
"Ohio","Clermont County, Ohio",39025,0,1,0,0,0,0,0,1,61265,61557,292,0.436,5,77.310769786438,15.613324514019,436.5
"Ohio","Clinton County, Ohio",39027,1,1,0,0,0,0,0,2,48675,49371,696,0.4287,6.6,76.8507626801422,15.1024393759233,102.9
"Ohio","Columbiana County, Ohio",39029,2,0,0,4,0,0,0,6,45389,45451,62,0.4375,8.4,72.8736587714918,14.9732084658055,202.7
"Ohio","Cuyahoga County, Ohio",39035,14,3,2,0,0,0,0,21,45289,56315,11026,0.5077,9.7,77.7923113167073,15.7985601609353,2800
"Ohio","Darke County, Ohio",39037,1,0,0,0,0,0,0,1,47043,47312,269,0.4075,6.1,79.6496371496951,14.9226153586118,88.5
"Ohio","Defiance County, Ohio",39039,1,0,0,0,0,0,0,1,50822,51833,1011,0.4018,6.8,78.5908281434968,15.1437734245199,94.9
"Ohio","Delaware County, Ohio",39041,2,0,0,0,0,0,0,2,94234,94639,405,0.4325,2.7,83.1709230175459,16.939488916206,393.2
"Ohio","Fayette County, Ohio",39047,0,1,0,0,0,0,0,1,41954,42451,497,0.4401,6.9,72.5511264121933,14.8630387329306,71.4
"Ohio","Franklin County, Ohio",39049,134,12,19,0,0,0,0,184,54037,61930,7893,0.4689,6.3,81.1445956940056,16.0765610859729,2186.1
"Ohio","Gallia County, Ohio",39053,1,0,0,0,0,0,0,1,39423,40288,865,0.4456,7.2,65.9035389018996,14.7176299174356,66.3
"Ohio","Geauga County, Ohio",39055,1,0,0,0,0,0,0,1,74165,74905,740,0.452,4,80.4108422919917,16.0195327821271,233.4
"Ohio","Greene County, Ohio",39057,9,3,1,1,0,0,0,15,61116,62631,1515,0.4472,6.5,77.3542794947852,16.342849808387,390.5
"Ohio","Hamilton County, Ohio",39061,36,3,10,0,1,0,1,60,50399,61724,11325,0.5082,7.9,79.1235287068974,16.0238721630384,1976.7
"Ohio","Hancock County, Ohio",39063,0,1,0,0,0,0,0,1,51604,52138,534,0.4284,5.5,80.3054548236554,15.6944249101422,140.7
"Ohio","Henry County, Ohio",39069,2,0,2,0,0,0,0,6,54941,55875,934,0.3865,5.3,82.2041074584659,15.2029167978176,67.8
"Ohio","Highland County, Ohio",39071,1,0,0,0,0,0,0,1,40593,41044,451,0.4452,9.6,68.9249657502968,14.7211965811966,78.8
"Ohio","Jefferson County, Ohio",39081,1,0,0,0,0,0,0,1,42327,43775,1448,0.448,8.3,69.7981800849294,15.1444049362058,170.7
"Ohio","Lawrence County, Ohio",39087,1,0,0,0,0,0,0,1,44256,44837,581,0.4521,7.6,67.5633349934632,14.8794955628211,137.7
"Ohio","Licking County, Ohio",39089,1,0,0,0,0,0,0,1,57571,57450,-121,0.4275,6.6,79.9152690580423,15.5389597283043,243.9
"Ohio","Logan County, Ohio",39091,1,0,1,0,0,0,0,3,51136,51426,290,0.4215,5.9,76.4361308435067,15.0153141825451,100
"Ohio","Lorain County, Ohio",39093,2,1,1,0,0,1,1,5,53459,57446,3987,0.4408,8.2,76.3027914292573,15.5340270060949,613.6
"Ohio","Lucas County, Ohio",39095,31,1,4,0,0,0,0,40,42917,51100,8183,0.4881,9.6,75.8911885743019,15.6221569080115,1296.2
"Ohio","Madison County, Ohio",39097,0,0,0,1,0,0,0,1,58326,58654,328,0.4214,6.4,64.7282334769531,15.0209913105738,93.2
"Ohio","Mahoning County, Ohio",39099,3,0,1,0,0,0,0,5,41872,47014,5142,0.4649,8.9,74.7459910727669,15.4169054963204,580.2
"Ohio","Medina County, Ohio",39103,1,0,0,0,0,0,0,1,69319,69782,463,0.4084,4.1,81.6536070356162,15.9361013906468,409
"Ohio","Mercer County, Ohio",39107,0,1,0,0,0,0,0,1,55220,55618,398,0.4036,4.7,85.4983294732174,15.1728194726166,88.3
"Ohio","Miami County, Ohio",39109,0,0,2,0,0,0,0,4,53432,53759,327,0.4128,6.4,79.9655203215721,15.3950229591481,252.1
"Ohio","Montgomery County, Ohio",39113,12,1,2,1,0,0,0,18,45394,51448,6054,0.4659,8.7,76.4620991264287,15.7206336246962,1159.5
"Ohio","Muskingum County, Ohio",39119,1,0,2,0,0,0,0,5,42464,43257,793,0.4318,7.6,74.7833911614317,15.0091054615557,129.5
"Ohio","Pickaway County, Ohio",39129,1,0,0,0,0,0,0,1,58706,59126,420,0.4043,6,70.2225661556489,15.0346800051302,111.1
"Ohio","Pike County, Ohio",39131,1,0,0,0,0,0,0,1,41128,40847,-281,0.4538,11.1,63.3625939592729,14.4125663164465,65.2
"Ohio","Portage County, Ohio",39133,2,0,1,1,0,0,0,5,52427,54086,1659,0.4411,7.9,79.6631817840798,15.6949069019161,331.2
"Ohio","Richland County, Ohio",39139,2,2,1,0,0,0,0,6,42849,44606,1757,0.4298,8.3,69.7516306246229,15.0802885350843,251.3
"Ohio","Ross County, Ohio",39141,2,0,0,0,0,0,0,2,44587,44984,397,0.4469,9.9,64.0723257727112,14.8962961597316,113.3
"Ohio","Scioto County, Ohio",39145,1,0,0,0,0,0,0,1,37936,38304,368,0.4711,9,62.7246891828176,14.8637852490494,130.3
"Ohio","Shelby County, Ohio",39149,2,0,1,0,0,0,0,4,56169,56992,823,0.417,5.8,81.7090905475802,15.2060307730411,121.2
"Ohio","Stark County, Ohio",39151,4,0,0,0,0,0,0,4,48714,51232,2518,0.4435,7.6,78.7212155069376,15.4123384276523,652.9
"Ohio","Summit County, Ohio",39153,6,0,1,0,0,0,0,8,51562,56608,5046,0.4703,7.3,78.5855901865761,15.8044261753196,1312.6
"Ohio","Trumbull County, Ohio",39155,3,0,0,1,0,0,0,4,43811,46164,2353,0.442,6.9,72.650271576852,15.0867613546393,340.1
"Ohio","Warren County, Ohio",39165,0,0,1,0,0,0,0,2,76200,75599,-601,0.4281,5,79.1433143825048,16.3600378531837,530
"Ohio","Washington County, Ohio",39167,1,0,0,0,0,0,0,1,44763,45689,926,0.4528,4.7,71.7853628458498,15.3078662574705,97.8
"Ohio","Wayne County, Ohio",39169,1,0,0,0,0,0,0,1,51363,51745,382,0.4131,4.3,77.9064079643846,15.0956232159848,206.4
"Ohio","Williams County, Ohio",39171,1,0,0,0,0,0,0,1,45044,44755,-289,0.4054,5.8,76.8602991586164,15.0049284023439,89.4
"Ohio","Wyandot County, Ohio",39175,1,0,0,0,0,0,0,1,50723,50572,-151,0.4032,5.5,81.0951420554191,14.9508919883231,55.6
"Oklahoma","Caddo County, Oklahoma",40015,1,0,0,0,0,0,0,1,40199,42115,1916,0.4572,8.3,66.315742541066,14.9021722384841,23.2
"Oklahoma","Canadian County, Oklahoma",40017,1,0,0,0,0,0,0,1,66664,67934,1270,0.3926,4.3,80.4651702986511,15.6658138716113,128.9
"Oklahoma","Cleveland County, Oklahoma",40027,1,0,1,0,0,0,0,3,58488,61149,2661,0.4298,4.9,78.8153215367817,16.03158764869,474.7
"Oklahoma","Craig County, Oklahoma",40035,0,0,0,1,0,0,0,1,40036,41890,1854,0.4241,5.3,66.8150885193133,14.973402182385,19.7
"Oklahoma","Delaware County, Oklahoma",40041,2,0,0,1,0,0,0,3,38438,40861,2423,0.4587,8.1,67.6404658292948,15.0506726003843,56.2
"Oklahoma","Garvin County, Oklahoma",40049,1,0,0,0,0,0,0,1,41250,41183,-67,0.4717,4.1,66.8919304144434,14.7528907225449,34.4
"Oklahoma","Kingfisher County, Oklahoma",40073,1,0,0,0,0,0,0,1,62912,64014,1102,0.4293,3.6,80.6929957036844,15.2214242968282,16.7
"Oklahoma","Le Flore County, Oklahoma",40079,0,0,1,0,0,0,0,2,37548,38607,1059,0.4571,7.9,64.3837874388449,14.7269826120672,31.7
"Oklahoma","Lincoln County, Oklahoma",40081,1,0,0,0,0,0,0,1,46592,47061,469,0.4476,6.1,69.8534713902675,14.9568686006826,36
"Oklahoma","McClain County, Oklahoma",40087,0,1,0,0,0,0,0,1,58673,58431,-242,0.4104,4,76.1351359816255,15.2986209982508,60.5
"Oklahoma","Noble County, Oklahoma",40103,0,0,1,0,0,0,0,2,49367,50187,820,0.4558,4.8,74.8197079037801,15.388562675517,15.8
"Oklahoma","Nowata County, Oklahoma",40105,0,1,0,0,0,0,0,1,40302,41913,1611,0.4356,8.1,70.3599886277483,14.7494465965689,18.6
"Oklahoma","Oklahoma County, Oklahoma",40109,3,0,0,0,0,0,0,3,48987,57362,8375,0.4862,5.6,76.5045972413552,15.5719236735773,1013.8
"Oklahoma","Okmulgee County, Oklahoma",40111,1,0,0,0,0,0,0,1,38712,42269,3557,0.4449,10.5,69.7049607404711,15.1169231956178,57.5
"Oklahoma","Payne County, Oklahoma",40119,1,1,0,1,0,0,0,3,38085,40083,1998,0.5315,5.8,73.872813491005,16.252283693259,113
"Oklahoma","Seminole County, Oklahoma",40133,0,0,1,0,0,0,0,2,36870,38675,1805,0.4639,7.9,66.1269359445124,14.8541528838636,40.3
"Oklahoma","Tulsa County, Oklahoma",40143,2,1,0,0,0,0,0,3,50654,57301,6647,0.4828,6.2,79.1129848444757,15.7071740459242,1058.1
"Oklahoma","Wagoner County, Oklahoma",40145,4,1,0,0,0,0,0,5,57590,59231,1641,0.4024,6.2,76.5651740542173,15.40314577654,130.1
"Oklahoma","Woodward County, Oklahoma",40153,1,0,1,0,0,0,0,3,58569,59300,731,0.4485,4.3,72.8116270533174,15.1742621527778,16.2
"Oregon","Benton County, Oregon",41003,1,1,0,0,0,0,0,2,52015,56728,4713,0.4818,7.8,77.6031764969055,17.2444811106054,126.6
"Oregon","Clackamas County, Oregon",41005,2,0,0,0,0,0,0,2,68915,70018,1103,0.4443,6.7,80.0295404172869,16.1811200034859,201
"Oregon","Coos County, Oregon",41011,0,1,0,0,0,0,0,1,39110,39524,414,0.4798,10.7,66.5047387799149,15.3839833526408,39.5
"Oregon","Crook County, Oregon",41013,1,0,1,0,0,0,0,3,39583,39406,-177,0.4146,11.3,70.1534937960631,15.1605894577744,7
"Oregon","Hood River County, Oregon",41027,0,2,0,0,0,0,0,2,56581,57346,765,0.4369,4.8,79.3308838215712,14.9319248826291,42.8
"Oregon","Jackson County, Oregon",41029,2,1,2,0,0,0,0,7,46343,48062,1719,0.4587,8.9,73.2706510038845,15.63515403819,73
"Oregon","Jefferson County, Oregon",41031,0,0,1,0,0,0,0,2,47063,51940,4877,0.4159,13.3,66.8581082293817,15.0442924496979,12.2
"Oregon","Lane County, Oregon",41039,34,6,4,1,0,1,1,49,45222,46690,1468,0.4659,8.7,74.4506804275872,15.9329394701694,77.2
"Oregon","Lincoln County, Oregon",41041,0,3,0,0,0,0,0,3,41303,41845,542,0.4392,6.6,69.1556468772164,15.6384353837075,47
"Oregon","Marion County, Oregon",41047,4,2,3,0,0,0,0,12,50775,54655,3880,0.4236,9.1,76.2134711194618,15.1338637263964,266.7
"Oregon","Morrow County, Oregon",41049,1,1,0,0,0,0,0,2,54441,55595,1154,0.3657,5.9,74.9276630732688,14.1930298719772,5.5
"Oregon","Multnomah County, Oregon",41051,9,4,3,0,0,0,0,19,57449,62549,5100,0.4824,7.8,80.2679239481261,16.3152061851049,1704.9
"Oregon","Umatilla County, Oregon",41059,0,1,1,1,0,0,0,4,49287,50777,1490,0.4252,9.1,71.8690292917291,14.8275757575758,23.6
"Oregon","Union County, Oregon",41061,1,0,0,0,0,0,0,1,45564,46262,698,0.4684,6.6,74.5835453293365,15.6262874531835,12.6
"Oregon","Washington County, Oregon",41067,5,1,2,0,0,0,0,10,69743,72380,2637,0.427,6.6,80.7009150589368,16.2422639624601,731.4
"Pennsylvania","Allegheny County, Pennsylvania",42003,12,2,1,0,0,0,0,16,54357,59553,5196,0.4856,6.4,80.6132357909119,16.3206803739762,1675.6
"Pennsylvania","Berks County, Pennsylvania",42011,2,0,0,0,0,0,0,2,57068,63512,6444,0.4375,8.2,80.9089114922619,15.1363069099331,480.4
"Pennsylvania","Cambria County, Pennsylvania",42021,1,0,0,0,0,0,0,1,42917,43912,995,0.4446,8.3,72.7863705033921,15.2316931658557,208.7
"Pennsylvania","Centre County, Pennsylvania",42027,2,0,0,1,0,0,0,3,54407,57143,2736,0.471,4.9,78.4852554310356,16.5016901078044,138.7
"Pennsylvania","Cumberland County, Pennsylvania",42041,3,0,1,0,0,0,0,5,62640,63577,937,0.4256,5.1,80.5236920263236,15.8971391494131,431.6
"Pennsylvania","Lackawanna County, Pennsylvania",42069,1,1,0,0,0,0,0,2,46673,48310,1637,0.4585,6.5,75.7940277423353,15.494438138479,467.1
"Pennsylvania","Lancaster County, Pennsylvania",42071,1,0,0,0,0,0,0,1,59237,62253,3016,0.4233,5.5,81.206091537825,15.1510114363271,550.4
"Pennsylvania","Philadelphia County, Pennsylvania",42101,7,4,7,0,0,0,0,25,39770,55769,15999,0.5116,12.5,72.7038830986687,15.1384001190048,11379.5
"Rhode Island","Newport County, Rhode Island",44005,1,1,0,0,0,0,0,2,71347,73526,2179,0.4724,6.5,82.2560123093882,16.5163250193544,809.6
"Rhode Island","Providence County, Rhode Island",44007,1,2,1,0,0,0,0,5,50637,58890,8253,0.4819,8.5,78.5080524009658,15.1502709692588,1530.3
"South Carolina","Abbeville County, South Carolina",45001,1,0,0,0,0,0,0,1,34652,38720,4068,0.4344,9.4,68.1872242722427,14.620190900041,51.8
"South Carolina","Anderson County, South Carolina",45007,1,0,0,0,0,0,0,1,43518,46933,3415,0.4504,8.1,73.7165198460915,15.1284575216059,261.6
"South Carolina","Barnwell County, South Carolina",45011,0,1,0,0,0,0,0,1,34787,47859,13072,0.4863,10.8,68.4264689629766,14.4115966269426,41.2
"South Carolina","Berkeley County, South Carolina",45015,1,0,0,0,0,0,0,1,54484,61662,7178,0.4244,8,76.5493822503065,15.4544547846835,161.8
"South Carolina","Charleston County, South Carolina",45019,2,0,0,0,0,0,0,2,54931,70120,15189,0.503,6.7,79.6905352839605,16.2591694578207,382.3
"South Carolina","Chester County, South Carolina",45023,1,0,0,0,0,0,0,1,34319,44579,10260,0.488,11.5,69.2166141029456,14.6307304332162,57.1
"South Carolina","Chesterfield County, South Carolina",45025,1,0,0,0,0,0,0,1,35733,41344,5611,0.4639,9.5,69.290326726926,14.2790808694822,58.5
"South Carolina","Colleton County, South Carolina",45029,1,0,0,0,0,0,0,1,33918,41333,7415,0.4725,10.5,71.1072821161345,14.8871920804236,36.8
"South Carolina","Darlington County, South Carolina",45031,0,0,1,0,0,0,0,2,34773,44448,9675,0.4786,15.7,70.1716079244414,14.7117295789382,122.4
"South Carolina","Florence County, South Carolina",45041,0,0,1,0,0,0,0,2,42523,54146,11623,0.4762,10.5,74.2410921225322,15.1981937104739,171.1
"South Carolina","Georgetown County, South Carolina",45043,2,0,0,0,0,0,0,2,45299,57244,11945,0.4881,9.5,68.4941348874815,15.4684169014085,73.9
"South Carolina","Greenville County, South Carolina",45045,3,0,0,0,0,0,0,3,51595,59432,7837,0.4715,6.4,77.1992242087555,15.7314768587859,574.7
"South Carolina","Horry County, South Carolina",45051,1,0,0,0,0,0,0,1,44746,47795,3049,0.4446,8,74.3289142352127,15.4345895255065,237.5
"South Carolina","Sumter County, South Carolina",45085,0,0,1,0,0,0,0,2,40777,50235,9458,0.4448,12.5,73.1598891492765,15.1066390280417,161.6
"South Dakota","Brookings County, South Dakota",46011,0,0,0,1,0,0,0,1,52086,53615,1529,0.4436,3.5,85.599452152259,16.5459539887833,40.3
"South Dakota","Brown County, South Dakota",46013,0,0,0,0,0,1,1,0,53073,54505,1432,0.4335,2.2,86.0724710126256,15.7659974905897,21.3
"South Dakota","Brule County, South Dakota",46015,0,0,1,0,0,0,0,2,50696,52098,1402,0.4385,2.4,83.6789215686274,15.5067302299495,6.4
"South Dakota","Hamlin County, South Dakota",46057,0,0,1,0,0,0,0,2,60169,60315,146,0.3619,2.2,85.4518264840183,15.3597494553377,11.6
"South Dakota","Jerauld County, South Dakota",46073,0,0,0,0,0,1,1,0,51442,52981,1539,0.5274,0.7,82.4658359293873,15.0142857142857,3.9
"South Dakota","Lake County, South Dakota",46079,0,0,1,0,0,0,0,2,57239,57771,532,0.4658,3.9,83.1312756497948,16.0409349642727,19.9
"South Dakota","Meade County, South Dakota",46093,1,0,0,0,0,0,0,1,53069,55022,1953,0.3971,1.5,80.1122032426173,15.7360284012826,7.3
"South Dakota","Minnehaha County, South Dakota",46099,3,2,2,0,0,0,0,9,55293,58217,2924,0.4244,3.7,86.0319994632867,15.8005712845501,210
"South Dakota","Pennington County, South Dakota",46103,2,0,0,1,0,0,0,3,51084,53352,2268,0.4457,4.8,81.4295554321142,15.9543581090426,36.4
"South Dakota","Union County, South Dakota",46127,0,0,0,1,0,0,0,1,63890,64159,269,0.4439,2.7,83.6458500064541,16.0075441731189,31.3
"Tennessee","Anderson County, Tennessee",47001,1,0,1,0,0,0,0,3,44241,45104,863,0.4719,7.4,70.2640718867733,15.2995299735144,222.8
"Tennessee","Blount County, Tennessee",47009,4,0,2,0,0,0,0,8,49532,51085,1553,0.4608,6.5,74.7522727616512,15.3803856144751,220.2
"Tennessee","Bradley County, Tennessee",47011,6,0,1,0,0,0,0,8,43721,45228,1507,0.4788,9.3,73.5002906099034,15.0727049476345,301
"Tennessee","Cocke County, Tennessee",47029,1,0,0,0,0,0,0,1,31081,31496,415,0.4754,10,66.0537919062602,14.2480687715406,82.1
"Tennessee","DeKalb County, Tennessee",47041,2,0,0,0,0,0,0,2,37640,38397,757,0.5403,7,65.8579147869674,14.4324851760114,61.5
"Tennessee","Dickson County, Tennessee",47043,2,0,0,0,0,0,0,2,47137,47829,692,0.4447,5.6,71.715760023716,14.7092288242731,101.4
"Tennessee","Dyer County, Tennessee",47045,1,0,0,0,0,0,0,1,42833,45011,2178,0.4837,8.1,73.5720976863753,14.8814594425305,74.8
"Tennessee","Fayette County, Tennessee",47047,2,0,0,0,0,0,0,2,55972,66213,10241,0.4659,8.4,73.0065001677772,15.1742375773086,54.5
"Tennessee","Fentress County, Tennessee",47049,7,0,0,0,0,0,0,7,31714,31966,252,0.457,8.4,62.4404367968233,14.2277900727158,36
"Tennessee","Franklin County, Tennessee",47051,0,0,0,1,0,0,0,1,44837,46167,1330,0.4563,8.5,72.454928399193,15.014707449643,74
"Tennessee","Gibson County, Tennessee",47053,2,0,0,0,0,0,0,2,38854,43002,4148,0.433,8,72.6737745787929,14.9492085217805,82.4
"Tennessee","Hamblen County, Tennessee",47063,2,0,0,0,0,0,0,2,39270,42409,3139,0.4596,8.7,68.4267011170591,14.5925140591869,388
"Tennessee","Hamilton County, Tennessee",47065,4,6,1,1,0,0,0,13,49434,55963,6529,0.4787,6.9,76.5674514917198,15.6563582639143,620.3
"Tennessee","Knox County, Tennessee",47093,1,1,0,0,0,0,0,2,50366,53978,3612,0.4823,6.2,78.5448535194441,16.09666272253,850.5
"Tennessee","Lawrence County, Tennessee",47099,0,1,0,0,0,0,0,1,40457,40742,285,0.4341,8.8,69.7947081933071,14.3857698916436,67.8
"Tennessee","Loudon County, Tennessee",47105,1,0,0,0,0,0,0,1,52995,54758,1763,0.4601,7.5,69.8146241531784,15.2623710368235,211.8
"Tennessee","Madison County, Tennessee",47113,2,1,0,0,0,0,0,3,44237,54748,10511,0.4698,7.3,73.290712391514,15.5467948221068,176.4
"Tennessee","Marion County, Tennessee",47115,0,0,1,0,0,0,0,2,41477,43546,2069,0.4472,6.5,68.6306489184692,14.3813366336634,56.7
"Tennessee","Maury County, Tennessee",47119,2,0,0,0,0,0,0,2,49597,52515,2918,0.4386,7.1,74.8806418735769,15.2376353775269,132
"Tennessee","Montgomery County, Tennessee",47125,2,0,0,0,0,0,0,2,51528,55260,3732,0.4098,8.2,75.1003016318282,15.710404893981,319.6
"Tennessee","Overton County, Tennessee",47133,1,0,0,0,0,0,0,1,35065,35162,97,0.457,7.1,68.1496544295844,14.2778535698045,50.9
"Tennessee","Roane County, Tennessee",47145,0,0,1,0,0,0,0,2,42299,42787,488,0.456,9.3,66.8058498253784,15.0597992931404,150.2
"Tennessee","Robertson County, Tennessee",47147,1,0,1,0,0,0,0,3,56331,58827,2496,0.4004,7.4,78.2731077714817,15.08773543583,139.2
"Tennessee","Rutherford County, Tennessee",47149,3,0,1,0,0,0,0,5,58032,61661,3629,0.4094,6.1,80.5486112666961,15.7484689584459,424
"Tennessee","Sevier County, Tennessee",47155,3,1,0,0,0,0,0,4,42586,43371,785,0.4318,6.4,76.2243939606601,14.9384959337395,151.7
"Tennessee","Shelby County, Tennessee",47157,18,1,7,2,0,0,0,35,46854,69774,22920,0.5078,9.4,76.8962147908718,15.6492524440287,1215.5
"Tennessee","Sullivan County, Tennessee",47163,3,0,1,0,0,0,0,5,40983,41439,456,0.4635,7.7,70.7157391689424,15.1712313023799,379.4
"Tennessee","Sumner County, Tennessee",47165,1,1,1,0,0,0,0,4,58972,60317,1345,0.4356,5.3,79.4063376283031,15.5267278109546,303.4
"Tennessee","Tipton County, Tennessee",47167,0,1,0,1,0,0,0,2,54650,60276,5626,0.433,9.4,75.7980678721823,14.9744054416365,133.3
"Tennessee","Washington County, Tennessee",47179,0,0,1,1,0,0,0,3,44444,45390,946,0.4873,5.7,74.3756152090546,15.7649543232491,376.7
"Tennessee","Williamson County, Tennessee",47187,0,1,0,0,0,0,0,1,100140,102424,2284,0.4505,3.7,80.4607427468274,17.0861444334205,314.4
"Tennessee","Wilson County, Tennessee",47189,2,1,0,0,0,0,0,3,63426,64489,1063,0.4141,5.4,78.4532957328386,15.677585219637,199.7
"Texas","Anderson County, Texas",48001,1,0,0,0,0,0,0,1,42146,49114,6968,0.4514,4.3,48.849622663758,14.6752706675271,55
"Texas","Atascosa County, Texas",48013,1,0,0,0,0,0,0,1,53181,67675,14494,0.4396,7.2,72.5619855134214,14.1535595475715,36.8
"Texas","Austin County, Texas",48015,1,0,0,0,0,0,0,1,56681,63986,7305,0.4469,5.8,76.2892225904446,14.7399440630562,44
"Texas","Bell County, Texas",48027,1,0,0,0,0,0,0,1,51529,58344,6815,0.4336,8.7,75.5032290882822,15.5593707381145,295.2
"Texas","Bexar County, Texas",48029,7,2,1,1,0,0,0,12,52353,68338,15985,0.4638,6.7,76.9399834698715,15.1996816624597,1383.1
"Texas","Brazos County, Texas",48041,0,1,0,0,0,0,0,1,41654,51315,9661,0.5214,5.7,78.4237572871701,16.007356991476,332.8
"Texas","Brewster County, Texas",48043,0,0,1,0,0,0,0,2,38440,43545,5105,0.4794,7,77.6587278415016,15.6742088365693,1.5
"Texas","Collin County, Texas",48085,6,0,2,0,0,0,0,10,86188,92898,6710,0.4316,4.5,82.8988925712204,16.6954314985784,930
"Texas","Dallas County, Texas",48113,9,2,2,0,0,0,0,15,51411,71429,20018,0.5034,6.7,79.1258855656639,14.8972075759329,2718
"Texas","Denton County, Texas",48121,4,0,1,0,0,0,0,6,76678,85906,9228,0.4362,5.1,83.7462053891015,16.2686677107255,754.3
"Texas","Ector County, Texas",48135,2,1,0,0,0,0,0,3,58335,66075,7740,0.4553,6.4,76.9238595378701,14.3456475161796,152.8
"Texas","El Paso County, Texas",48141,0,0,1,0,0,0,0,2,42075,58081,16006,0.4611,7.9,74.2500208409894,14.3979815506436,790.6
"Texas","Floyd County, Texas",48153,1,0,0,0,0,0,0,1,43070,58173,15103,0.4629,7.6,76.6187878787879,13.9854703033393,6.5
"Texas","Fort Bend County, Texas",48157,1,0,0,0,0,0,0,1,91152,109812,18660,0.4308,5.4,78.893666700043,16.2212592879043,679.5
"Texas","Freestone County, Texas",48161,1,0,0,0,0,0,0,1,45134,52389,7255,0.4591,5.5,64.2819058987367,14.7236890221605,22.6
"Texas","Galveston County, Texas",48167,8,0,1,0,0,0,0,10,63064,76715,13651,0.4691,7.2,76.4664982586652,15.6344407985995,769.9
"Texas","Grayson County, Texas",48181,0,0,1,0,0,0,0,2,50212,52919,2707,0.4457,7.5,76.603324627882,15.3368851280084,129.6
"Texas","Gregg County, Texas",48183,2,0,0,1,0,0,0,3,47140,54929,7789,0.46,5.8,73.9657375050792,15.0883843502939,445.4
"Texas","Harris County, Texas",48201,5,2,2,0,0,2,2,11,55584,81928,26344,0.4982,7,79.0699243048412,14.9984967360049,2402.4
"Texas","Hays County, Texas",48209,0,0,1,0,0,0,0,2,60495,68178,7683,0.4596,6.1,79.6361295029237,15.8942361448433,231.7
"Texas","Hidalgo County, Texas",48215,1,0,1,0,0,0,0,3,36094,47205,11111,0.4915,9,72.1640156717021,13.2358861091673,493.2
"Texas","Hockley County, Texas",48219,2,0,0,0,0,0,0,2,50331,54798,4467,0.4374,7.2,77.8412521363677,14.4311129789171,25.2
"Texas","Hutchinson County, Texas",48233,1,0,0,0,0,0,0,1,50114,53020,2906,0.4499,4.9,71.6310938215103,15.0562932617601,25
"Texas","Jefferson County, Texas",48245,4,0,0,0,0,0,0,4,44965,58728,13763,0.4906,7.3,67.567478448761,14.8529510315447,287.9
"Texas","Johnson County, Texas",48251,1,0,0,0,0,0,0,1,59095,62647,3552,0.4125,6.3,76.2588776787687,14.9129100063548,208.3
"Texas","Lamar County, Texas",48277,0,1,0,0,0,0,0,1,40283,43099,2816,0.475,7,73.3664324810065,14.9207135186732,54.9
"Texas","Lubbock County, Texas",48303,1,0,0,0,0,0,0,1,46859,53278,6419,0.478,5.4,78.7217697087463,15.4089976587311,311.3
"Texas","Montgomery County, Texas",48339,1,0,0,0,0,0,0,1,70805,77785,6980,0.4752,5.4,75.8921050709821,15.6986180045769,437.5
"Texas","Parker County, Texas",48367,0,1,1,1,0,0,0,4,67979,69653,1674,0.4437,5.6,77.4950674725241,15.5884730954421,129.4
"Texas","Polk County, Texas",48373,1,0,0,0,0,0,0,1,40864,43762,2898,0.4476,9.4,60.0312337367312,14.534809082456,43
"Texas","Rockwall County, Texas",48397,1,0,0,0,0,0,0,1,89161,95915,6754,0.4101,5.4,80.7213193920448,16.1564766290826,616.7
"Texas","San Jacinto County, Texas",48407,1,0,0,0,0,0,0,1,44878,47581,2703,0.447,7.4,68.0249890718345,14.4265682656827,46.3
"Texas","Shelby County, Texas",48419,0,0,0,0,1,0,1,1,36312,44333,8021,0.4846,9.6,68.2334932509351,14.2656011712316,32
"Texas","Smith County, Texas",48423,2,0,1,1,0,0,0,5,48683,58741,10058,0.4632,6.6,75.9130345368193,15.2223651560204,227.6
"Texas","Tarrant County, Texas",48439,16,4,5,1,0,5,5,31,60373,72560,12187,0.4627,6,79.4378188462351,15.4463218809437,2094.7
"Texas","Tom Green County, Texas",48451,0,0,1,0,0,0,0,2,47637,54420,6783,0.4635,3.9,76.8837793079404,14.9664585215855,72.4
"Texas","Travis County, Texas",48453,13,4,8,0,0,1,1,33,64422,76816,12394,0.4883,5.2,83.0115553209762,16.1806269186636,1034.4
"Texas","Upshur County, Texas",48459,1,0,0,0,0,0,0,1,47724,49664,1940,0.4383,7.7,71.2184361937546,14.8351530800443,67.4
"Texas","Wichita County, Texas",48485,1,1,0,0,0,0,0,2,45371,50044,4673,0.4602,5.2,70.4624939217116,15.2236551215917,209.5
"Texas","Williamson County, Texas",48491,3,2,2,0,0,0,0,9,75935,80029,4094,0.3949,5.3,82.1873006195003,16.2596800370971,378
"Texas","Zavala County, Texas",48507,1,0,0,0,0,0,0,1,26639,31625,4986,0.4944,12,64.8148401404546,12.9166425888472,9
"Utah","Carbon County, Utah",49007,1,0,0,0,0,0,0,1,47793,48712,919,0.4124,7.6,75.1175202156334,15.4054998480705,14.5
"Utah","Davis County, Utah",49011,5,1,0,0,0,0,0,6,72661,74866,2205,0.3869,3.7,78.8681690264985,16.3613354160599,1025.8
"Utah","Duchesne County, Utah",49013,0,0,1,0,0,0,0,2,61244,61662,418,0.3923,5.9,72.6071590786201,15.0967939198043,5.7
"Utah","Grand County, Utah",49019,1,0,0,0,0,0,0,1,43529,46675,3146,0.4231,7.3,83.1306528814857,15.9086574281031,2.5
"Utah","Salt Lake County, Utah",49035,5,1,0,0,0,0,0,6,64601,69865,5264,0.437,5.1,80.9739288842179,15.9231646558304,1387.1
"Utah","Tooele County, Utah",49045,4,0,1,0,0,0,0,6,64149,66273,2124,0.3569,7,78.2788845680859,15.529371778168,8.4
"Utah","Utah County, Utah",49049,3,2,1,0,0,0,0,7,64321,66622,2301,0.4165,4.9,75.8572437602532,16.4183347700939,257.8
"Utah","Washington County, Utah",49053,3,1,0,0,0,0,0,4,52865,54623,1758,0.4289,6.3,73.6699206991917,15.9906908326766,56.9
"Utah","Weber County, Utah",49057,7,0,4,1,0,0,0,16,59660,63002,3342,0.3986,5.3,78.0636484256441,15.4968567549219,401.4
"Vermont","Addison County, Vermont",50001,0,1,0,0,0,0,0,1,61020,61398,378,0.419,5,84.3012018343788,16.1177938904077,48
"Vermont","Caledonia County, Vermont",50005,4,0,0,0,0,0,0,4,46931,47004,73,0.4207,6.3,76.4652276832991,15.7000370096225,48.1
"Vermont","Chittenden County, Vermont",50007,5,1,3,0,0,0,0,12,66414,68682,2268,0.442,4.5,85.0200335832084,16.7646405879201,291.7
"Vermont","Franklin County, Vermont",50011,2,0,0,0,0,0,0,2,58884,58912,28,0.424,5,82.0099601296717,15.4144388210777,75.3
"Vermont","Lamoille County, Vermont",50015,1,0,0,0,0,0,0,1,53316,52566,-750,0.4433,3.9,81.4193670043629,16.1475561197992,53.3
"Vermont","Rutland County, Vermont",50021,1,1,0,0,0,0,0,2,50029,50279,250,0.4389,5.5,79.3015495541079,15.7636854991454,66.3
"Vermont","Washington County, Vermont",50023,1,0,0,0,0,0,0,1,58171,58665,494,0.4346,4.6,83.3646868927475,16.3797338548126,86.6
"Vermont","Windsor County, Vermont",50027,1,0,0,1,0,0,0,2,54763,54876,113,0.4688,4.5,79.3917274535809,16.1354051852207,58.5
"Virginia","Accomack County, Virginia",51001,0,0,0,2,0,0,0,2,38503,46479,7976,0.4662,7,74.714295000591,14.6714046121593,73.8
"Virginia","Alexandria city, Virginia",51510,0,0,2,0,0,0,0,4,89200,112824,23624,0.4461,4,88.1705737032666,17.1616589669665,9314.3
"Virginia","Alleghany County, Virginia",51005,1,0,0,0,0,0,0,1,45538,46114,576,0.4314,4.6,68.9686165508528,14.9219283276451,36.5
"Virginia","Amelia County, Virginia",51007,1,0,0,0,0,0,0,1,58269,66549,8280,0.3772,4,75.8220151515151,14.4192066337965,35.7
"Virginia","Chesapeake city, Virginia",51550,2,1,0,1,0,0,0,4,69978,78182,8204,0.4048,6.3,78.2066944089784,15.9446510935873,652
"Virginia","Covington city, Virginia",51580,0,1,0,0,0,0,0,1,34703,37155,2452,0.4533,5.2,66.9175143266476,14.8044365119837,1090.1
"Virginia","Fairfax County, Virginia",51059,0,1,0,0,0,0,0,1,114329,131247,16918,0.4224,4.7,84.880198584494,17.0271415638203,2766.8
"Virginia","Falls Church city, Virginia",51610,0,1,0,0,0,0,0,1,115244,144896,29652,0.4689,5.3,88.1266727772686,18.3894725557461,6169.8
"Virginia","Franklin County, Virginia",51067,1,1,0,0,0,0,0,2,48720,51078,2358,0.4373,6.4,74.6048173508046,15.1493863208948,81.3
"Virginia","Frederick County, Virginia",51069,1,0,0,0,0,0,0,1,68929,70496,1567,0.3967,5.1,82.6433704741723,15.6240892774638,189.4
"Virginia","Grayson County, Virginia",51077,1,0,0,0,0,0,0,1,31002,31508,506,0.4625,7.1,69.4364600429239,14.3561069369212,35.1
"Virginia","Hampton city, Virginia",51650,1,0,0,0,0,0,0,1,49890,57088,7198,0.4291,8.9,78.4334644790446,15.6924549599398,2673.2
"Virginia","Hanover County, Virginia",51085,1,0,0,0,0,0,0,1,81170,83468,2298,0.3908,3.8,83.8260781244176,16.1552818269466,213.1
"Virginia","Harrisonburg city, Virginia",51660,3,1,0,0,0,0,0,4,40494,40296,-198,0.47,5.9,83.5602700510521,15.6381534553249,2808.2
"Virginia","Loudoun County, Virginia",51107,6,1,2,0,0,0,0,11,125672,132267,6595,0.3756,3.9,86.0662033458207,16.9868563556495,605.8
"Virginia","Louisa County, Virginia",51109,1,0,1,0,0,0,0,3,54662,57996,3334,0.4391,8.1,76.4091820946487,15.0372844304105,66.8
"Virginia","Manassas city, Virginia",51683,1,0,0,0,0,0,0,1,74371,86296,11925,0.3901,6,83.4657932723853,14.922912695387,3827.8
"Virginia","Mathews County, Virginia",51115,1,0,0,0,0,0,0,1,64049,67938,3889,0.4209,2,78.4218988549618,15.7483404631952,104.5
"Virginia","Montgomery County, Virginia",51121,0,1,0,0,0,0,0,1,49712,51057,1345,0.5053,4.6,78.4402261224869,16.7497955390335,243.9
"Virginia","Newport News city, Virginia",51700,3,0,1,0,0,0,0,5,50089,61684,11595,0.4324,8.3,80.6301340726553,15.5821740970046,2630
"Virginia","Norfolk city, Virginia",51710,0,1,0,0,0,0,0,1,45268,60033,14765,0.4854,9.7,78.0414271193978,15.6352161942889,4486.3
"Virginia","Portsmouth city, Virginia",51740,3,0,0,0,0,0,0,3,47050,57325,10275,0.4245,10.9,77.5658163570106,15.3041450695571,2838.9
"Virginia","Powhatan County, Virginia",51145,1,0,0,0,0,0,0,1,77684,80991,3307,0.3821,4.6,71.0049504950495,15.7442407607097,107.8
"Virginia","Radford city, Virginia",51750,1,0,0,0,0,0,0,1,31457,32945,1488,0.5616,9.2,69.4475519895202,15.9522791070712,1662.2
"Virginia","Richmond city, Virginia",51760,0,1,0,0,0,0,0,1,41187,60375,19188,0.5428,9.1,77.1740141349152,15.7366733084041,3414.7
"Virginia","Shenandoah County, Virginia",51171,2,0,0,0,0,0,0,2,50450,51697,1247,0.4197,5.5,78.8073049900919,14.9668979380106,82.5
"Virginia","Spotsylvania County, Virginia",51177,1,0,0,0,0,0,0,1,79742,82168,2426,0.3836,5.6,80.3025568346997,15.699196135769,304.9
"Virginia","Stafford County, Virginia",51179,4,0,0,0,0,0,0,4,97528,98496,968,0.3775,4.9,80.0723103939124,16.3455740987225,479.5
"Virginia","Virginia Beach city, Virginia",51810,2,0,3,0,0,0,0,8,67719,73369,5650,0.4148,5.8,82.4704194071923,16.1884863701578,1758.9
"Virginia","Warren County, Virginia",51187,1,0,2,0,0,0,0,5,63734,65243,1509,0.4018,6.5,77.5949596677963,15.147211365003,176
"Virginia","Washington County, Virginia",51191,2,0,0,0,0,0,0,2,43835,44148,313,0.447,6.4,72.6367693165192,15.2469396475882,97.8
"Virginia","Waynesboro city, Virginia",51820,1,0,0,0,0,0,0,1,45097,48145,3048,0.3912,5.1,78.4861203090508,15.3014595553131,1396.8
"Virginia","Williamsburg city, Virginia",51830,1,0,0,0,0,0,0,1,50091,54231,4140,0.5281,9.1,78.679330162505,17.2711123257721,1559.3
"Virginia","York County, Virginia",51199,1,0,0,0,0,0,0,1,83410,89899,6489,0.3881,6.1,81.9520646473909,16.6149571399645,624.8
"Washington","Benton County, Washington",53005,2,0,0,0,0,0,0,2,61147,64729,3582,0.4343,6.5,77.2034484566898,15.7425660358557,103
"Washington","Clallam County, Washington",53009,5,0,1,0,1,0,1,8,47180,49161,1981,0.4291,9.3,69.9114589838206,15.8280794460641,41.1
"Washington","Clark County, Washington",53011,6,0,0,0,0,0,0,6,62879,65157,2278,0.4259,7.2,77.3462099627678,15.8734928108411,676.2
"Washington","Cowlitz County, Washington",53015,7,3,2,0,0,0,0,14,49127,51251,2124,0.4357,9.7,70.3851984732824,15.2500917224057,89.8
"Washington","Franklin County, Washington",53021,1,0,0,0,0,0,0,1,58284,69564,11280,0.4023,6.8,75.7191707180254,13.901423130888,62.9
"Washington","Grays Harbor County, Washington",53027,2,0,1,0,0,0,0,4,44521,44993,472,0.4504,12.1,65.2604630620985,15.2156021107348,38.3
"Washington","Island County, Washington",53029,3,0,0,1,0,0,0,4,60261,61739,1478,0.425,7.7,75.5543633293854,16.2478665160337,376.6
"Washington","Jefferson County, Washington",53031,0,1,0,0,0,0,0,1,50928,51901,973,0.4539,7.2,67.1853601652562,16.4843730948994,16.6
"Washington","King County, Washington",53033,109,40,44,0,1,9,10,238,78800,85099,6299,0.4682,5.5,81.8474824542945,16.6555678137818,912.9
"Washington","Kitsap County, Washington",53035,0,0,1,0,0,0,0,2,65017,66165,1148,0.4267,7,74.5374956593695,16.1747950645299,635.9
"Washington","Klickitat County, Washington",53039,2,0,0,0,0,0,0,2,49633,50144,511,0.3857,5.4,63.6530933633296,15.4608643696475,10.9
"Washington","Lewis County, Washington",53041,5,1,0,0,0,0,0,6,44526,45506,980,0.4209,9.7,69.3381165684348,15.1533645141823,31.4
"Washington","Mason County, Washington",53045,0,1,0,0,0,0,0,1,51764,53079,1315,0.4323,10.8,65.2397761217495,15.2509174722521,63.3
"Washington","Pierce County, Washington",53053,22,1,7,0,0,0,0,37,61468,65010,3542,0.4257,7.8,76.4124869298094,15.6999161382288,476.3
"Washington","San Juan County, Washington",53055,0,0,0,0,0,1,1,0,58029,59907,1878,0.4954,5.1,76.4560428849903,16.9191318452151,90.7
"Washington","Skagit County, Washington",53057,0,0,0,0,0,2,2,0,56433,59435,3002,0.4361,7.2,75.2115537062316,15.5577446548271,67.5
"Washington","Snohomish County, Washington",53061,26,6,3,0,0,1,1,38,73528,75283,1755,0.4102,6.2,79.4303111123622,15.937047977604,341.8
"Washington","Spokane County, Washington",53063,15,2,2,0,0,0,0,21,50550,51648,1098,0.4518,7.2,73.8362185098249,16.0332412858855,267.2
"Washington","Stevens County, Washington",53065,1,0,0,0,0,0,0,1,44115,45903,1788,0.4161,8.9,65.2479736183762,15.4724983860555,17.6
"Washington","Thurston County, Washington",53067,2,0,0,0,0,0,0,2,62854,64000,1146,0.4083,8.4,77.1504494655851,16.2012534213842,349.4
"Washington","Walla Walla County, Washington",53071,6,1,0,1,0,0,0,8,48705,49925,1220,0.4579,6.4,70.0220577679029,15.678234812007,46.3
"Washington","Whatcom County, Washington",53073,15,2,4,0,0,0,0,25,54207,56127,1920,0.4507,7.7,77.1149966426859,15.994959655296,95.5
"Washington","Whitman County, Washington",53075,0,1,1,0,0,0,0,3,38636,41654,3018,0.4966,8.9,79.5343030568163,17.2112565445026,20.7
"Washington","Yakima County, Washington",53077,7,1,1,0,0,0,0,10,45700,52100,6400,0.4459,8.3,75.4062274630437,13.8791763399616,56.6
"West Virginia","Barbour County, West Virginia",54001,1,0,0,0,0,0,0,1,36733,37138,405,0.4449,7.9,66.7986714975845,14.6288469969312,48.6
"West Virginia","Berkeley County, West Virginia",54003,1,0,0,0,0,0,0,1,57148,58122,974,0.4025,9,76.2814959128517,15.2495994659546,324.4
"West Virginia","Brooke County, West Virginia",54009,1,0,0,0,0,0,0,1,46265,46443,178,0.4127,4.1,75.3255910516058,15.2413178984862,269.8
"West Virginia","Cabell County, West Virginia",54011,1,0,1,1,0,0,0,4,37760,39301,1541,0.5028,6.6,68.1911157024793,15.5744052246929,342.8
"West Virginia","Fayette County, West Virginia",54019,4,0,0,0,0,0,0,4,37846,38026,180,0.4326,8.5,61.5969722280225,14.6697386265565,69.6
"West Virginia","Hancock County, West Virginia",54029,2,0,0,0,0,0,0,2,40316,40102,-214,0.4336,6.6,73.9878952291862,15.1031390134529,371.3
"West Virginia","Jefferson County, West Virginia",54037,2,0,0,0,0,0,0,2,69753,69849,96,0.4152,7.6,80.1198757763975,15.6859113823295,255.2
"West Virginia","Kanawha County, West Virginia",54039,11,1,5,1,0,0,0,23,46528,47596,1068,0.4691,6.4,71.9154965037716,15.4486479736133,214.1
"West Virginia","Marion County, West Virginia",54049,0,0,0,1,0,0,0,1,46430,47471,1041,0.4341,6,72.7714899113314,15.3234062235013,182.7
"West Virginia","Marshall County, West Virginia",54051,1,0,0,0,0,0,0,1,44464,44836,372,0.4222,6,68.1921979178851,15.0551842330763,108.4
"West Virginia","Mason County, West Virginia",54053,3,0,0,0,0,0,0,3,37322,37081,-241,0.4332,10.2,60.6545511525872,14.7228383651674,63.4
"West Virginia","Ohio County, West Virginia",54069,1,0,0,0,0,0,0,1,41986,42999,1013,0.5099,5.5,75.1150376282782,15.7436125671711,420
"West Virginia","Raleigh County, West Virginia",54081,1,0,0,0,0,0,0,1,41533,42113,580,0.452,7.7,61.1731472569778,14.9581589958159,130.3
"West Virginia","Upshur County, West Virginia",54097,1,0,0,0,0,0,0,1,42240,42402,162,0.4369,7.7,70.6134686803664,14.8154031287605,68.4
"West Virginia","Wood County, West Virginia",54107,0,0,1,0,0,0,0,2,43944,44334,390,0.4584,7.6,72.1965814993579,15.3753105793121,237.4
"Wisconsin","Brown County, Wisconsin",55009,1,0,0,0,0,0,0,1,54172,57325,3153,0.4395,5.3,82.3533590688253,15.6934512065117,468.2
"Wisconsin","Dane County, Wisconsin",55025,9,7,1,0,0,0,0,18,64773,68981,4208,0.4491,4.4,85.6138124518483,16.8931814606024,407.7
"Wisconsin","Fond du Lac County, Wisconsin",55039,2,0,0,0,0,0,0,2,56376,57396,1020,0.4071,4.6,82.819982837742,15.4683504788932,141.2
"Wisconsin","La Crosse County, Wisconsin",55063,2,0,0,0,0,0,0,2,51477,52111,634,0.4492,4.8,83.5100531700212,16.2136721064254,253.8
"Wisconsin","Manitowoc County, Wisconsin",55071,1,0,0,0,0,0,0,1,49613,49971,358,0.4087,4.8,83.6130208950976,15.2700296215799,138.3
"Wisconsin","Milwaukee County, Wisconsin",55079,0,0,1,0,0,1,1,2,45263,56576,11313,0.4781,8.1,78.2367911843163,15.5694753832441,3926
"Wisconsin","Outagamie County, Wisconsin",55087,2,0,0,0,0,0,0,2,59806,60691,885,0.411,3.7,84.5382881087434,15.7656321914656,277.2
"Wisconsin","Polk County, Wisconsin",55095,1,0,0,0,0,0,0,1,52039,52278,239,0.4056,5.8,80.4143069393463,15.46558586545,48.4
"Wisconsin","Rock County, Wisconsin",55105,1,0,0,0,0,0,0,1,50968,53137,2169,0.4178,7.4,79.0530950315504,15.3903665829888,223.3
"Wisconsin","Rusk County, Wisconsin",55107,1,0,0,0,0,0,0,1,39904,39696,-208,0.4277,4.9,77.2789733464955,14.9687652038533,16.2
"Wisconsin","St. Croix County, Wisconsin",55109,1,1,1,0,0,0,0,4,73743,74591,848,0.4049,4.1,86.0497163901118,16.2531078721234,116.8
"Wyoming","Campbell County, Wyoming",56005,3,0,0,0,0,0,0,3,80822,82341,1519,0.374,4.7,82.8541277976476,15.5287944378853,9.6
